,id,mntwines,mntfruits,mntmeatproducts,mntfishproducts,mntsweetproducts,mntgoldprods
0,5524,635,88,546,172,88,88
1,2174,11,1,6,2,1,6
2,4141,426,49,127,111,21,42
3,6182,11,4,20,10,3,5
4,5324,173,43,118,46,27,15
5,7446,520,42,98,0,42,14
6,965,235,65,164,50,49,27
7,6177,76,10,56,3,1,23
8,4855,14,0,24,3,3,2
9,5899,28,0,6,1,1,13
10,1994,5,5,6,0,2,1
11,387,6,16,11,11,1,16
12,2125,194,61,480,225,112,30
13,8180,233,2,53,3,5,14
14,2569,3,14,17,6,1,5
15,2114,1006,22,115,59,68,45
16,9736,53,5,19,2,13,4
17,4939,84,5,38,150,12,28
18,6565,1012,80,498,0,16,176
19,2278,4,17,19,30,24,39
20,9360,86,2,73,69,38,48
21,5376,1,1,1725,1,1,1
22,1993,867,0,86,0,0,19
23,4047,384,0,102,21,32,5
24,1409,270,3,27,39,6,99
25,7892,6,4,25,15,12,13
26,2404,173,4,30,3,6,41
27,5255,5,1,3,3,263,362
28,9422,36,2,42,20,21,10
29,1966,684,100,801,21,66,0
30,6864,8,4,10,2,2,4
31,3033,112,17,44,34,22,89
32,5710,110,0,5,2,0,3
33,7373,96,12,96,33,22,43
34,8755,482,34,471,119,68,22
35,10738,40,0,19,2,1,3
36,4339,702,17,151,0,8,35
37,10755,6,3,14,15,7,36
38,8595,55,0,6,2,0,4
39,2968,437,8,206,160,49,42
40,8601,421,76,536,82,178,102
41,503,13,1,29,3,0,7
42,8430,9,0,6,3,1,3
43,7281,81,11,50,3,2,39
44,2139,3,1,10,3,2,12
45,1371,123,164,266,227,30,174
46,9909,3,18,14,15,22,50
47,7286,13,6,15,3,5,13
48,7244,48,5,48,6,10,7
49,6566,826,50,317,50,38,38
50,8614,245,19,125,37,67,14
51,4114,650,37,780,27,167,32
52,1331,12,6,20,30,1,3
53,2225,510,120,550,156,40,241
54,9381,328,9,124,12,24,109
55,6260,984,51,432,180,120,190
56,10383,295,35,482,121,120,40
57,7437,13,0,8,2,1,5
58,8557,11,3,22,2,2,6
59,8375,447,0,28,0,0,43
60,6853,712,26,538,69,13,80
61,3076,452,18,102,16,18,6
62,1012,523,7,134,37,14,169
63,6518,546,0,48,0,6,6
64,4137,398,40,367,119,122,30
65,8082,1,3,6,3,6,15
66,1386,10,0,1,0,0,0
67,9369,688,14,309,201,24,38
68,4477,247,49,159,7,82,109
69,1357,856,59,487,58,29,73
70,1402,496,36,460,189,60,12
71,10629,25,3,43,17,4,17
72,6312,258,107,291,84,37,86
73,8132,565,6,65,0,6,19
74,1050,14,10,13,4,15,9
75,5846,2,1,6,2,1,1
76,1859,721,111,925,97,18,18
77,7503,1032,105,779,137,105,51
78,10401,1,0,5,0,3,9
79,1618,577,0,64,0,0,51
80,3332,64,4,68,7,5,17
81,2261,4,1,5,2,0,4
82,5346,25,5,19,7,0,23
83,4119,112,17,44,34,22,89
84,535,163,23,424,27,65,76
85,5268,17,8,14,10,4,3
86,273,130,0,16,0,0,5
87,4452,292,6,37,0,3,34
88,8504,350,60,568,110,133,145
89,771,135,9,39,4,0,7
90,8996,230,42,192,49,37,53
91,9235,7,0,8,2,0,1
92,5798,445,37,359,98,28,18
93,11178,15,2,10,0,1,4
94,2230,27,2,14,0,0,0
95,7516,5,3,11,12,5,9
96,7247,505,0,26,0,0,75
97,11100,51,2,7,0,1,2
98,4646,207,26,447,75,0,223
99,3037,135,46,92,65,61,11
100,1473,53,1,5,2,1,10
101,1016,41,1,6,2,0,5
102,4518,386,172,183,185,132,111
103,9370,562,81,276,80,40,81
104,8908,217,76,690,50,26,38
105,8373,1,3,6,10,0,9
106,7533,144,1,32,2,1,7
107,2683,295,106,271,75,98,65
108,3629,76,3,31,4,4,27
109,10991,454,194,106,31,22,43
110,5077,425,115,292,23,35,79
111,7431,1332,17,311,23,51,86
112,3267,527,0,21,0,0,60
113,999,490,44,125,29,20,22
114,9215,378,0,101,0,0,72
115,2286,64,1,21,0,1,27
116,1592,547,99,812,151,82,33
117,367,47,90,94,123,103,120
118,5234,12,5,25,0,9,30
119,9862,1,6,7,11,5,3
120,9805,320,48,133,39,72,48
121,6205,34,3,29,0,4,10
122,8442,9,0,7,3,4,7
123,7386,17,0,14,7,3,2
124,7215,722,27,102,44,72,168
125,1491,162,33,124,40,28,172
126,11071,450,133,951,173,0,216
127,3381,70,0,16,0,0,4
128,8268,352,0,27,10,0,15
129,11051,492,19,110,16,12,12
130,8026,120,58,73,65,89,58
131,433,534,5,47,0,5,41
132,9597,236,106,189,23,41,130
133,1295,231,65,196,38,71,124
134,5290,220,0,33,3,0,23
135,1685,796,14,590,38,44,0
136,5342,0,1,3,10,6,9
137,9579,53,1,34,2,0,16
138,7660,15,0,8,4,2,20
139,1461,17,1,12,3,1,4
140,821,962,61,921,52,61,20
141,11084,738,0,232,13,20,50
142,8690,399,28,756,36,40,126
143,2937,614,16,132,43,33,33
144,9701,32,34,41,73,16,116
145,9949,598,16,141,32,41,49
146,10837,2,1,18,20,11,16
147,3120,6,1,10,0,1,4
148,5885,73,3,90,12,1,32
149,4050,42,16,29,12,20,8
150,3830,295,21,78,39,13,13
151,7987,346,17,48,23,13,13
152,7798,233,20,57,8,20,91
153,92,5,7,24,19,14,20
154,7055,888,0,57,0,0,76
155,10240,997,26,269,34,13,42
156,3025,212,6,69,4,12,3
157,9283,8,1,7,2,0,0
158,9970,42,11,57,10,28,14
159,2730,536,11,387,149,91,57
160,2795,5,0,3,0,0,5
161,9260,1349,16,249,43,16,33
162,8182,53,3,49,7,4,5
163,10095,1001,12,240,16,12,12
164,8475,20,2,1582,1,2,1
165,4370,18,1,32,6,3,28
166,10573,125,16,98,134,21,27
167,3712,212,5,33,7,0,2
168,6637,277,162,305,173,76,124
169,3152,15,10,19,8,17,20
170,5610,7,3,10,8,1,7
171,6460,12,4,6,11,8,16
172,1349,85,7,24,2,3,27
173,1880,81,0,6,0,0,6
174,641,59,0,12,0,0,48
175,8717,1149,71,449,69,71,26
176,10314,847,66,119,86,89,111
177,10854,29,0,14,0,0,2
178,10492,2,0,5,2,0,1
179,6935,207,26,447,75,0,223
180,7698,152,3,22,2,5,7
181,3559,12,11,10,3,12,9
182,10562,620,26,195,34,17,141
183,10796,47,1,6,0,0,12
184,2563,1,9,7,2,14,10
185,3518,10,1,18,10,4,7
186,5823,35,0,2,0,0,2
187,3934,356,0,107,19,9,117
188,6982,783,30,537,140,76,15
189,6431,42,1,18,3,0,4
190,9733,1,4,10,29,0,36
191,5602,466,22,432,147,113,102
192,7829,15,6,8,7,4,25
193,1324,23,3,21,3,19,22
194,326,235,6,45,8,9,12
195,7224,10,0,10,3,1,7
196,6999,656,16,106,32,16,8
197,9938,519,17,813,27,173,51
198,6422,344,189,482,50,33,172
199,3182,96,1,79,7,1,79
200,7300,448,4,34,6,4,39
201,10424,265,138,553,224,23,92
202,8727,587,43,337,42,87,54
203,2798,763,29,138,76,176,58
204,1030,22,0,13,0,0,3
205,624,6,4,1,7,2,15
206,5176,7,6,13,7,6,14
207,5552,81,18,113,47,13,21
208,868,54,0,7,0,0,4
209,380,1170,48,320,42,32,192
210,2677,72,24,68,65,4,8
211,6521,613,22,319,33,102,12
212,6927,224,0,30,0,0,10
213,2877,410,0,59,19,9,44
214,0,239,10,554,254,87,54
215,1584,171,7,171,25,19,89
216,7264,12,0,4,0,0,1
217,6274,1076,16,417,42,48,16
218,1377,182,4,33,0,0,66
219,454,824,32,162,42,32,43
220,1755,30,11,25,29,1,18
221,2075,377,10,540,80,30,10
222,4785,520,7,154,19,0,14
223,9076,155,1,25,0,1,3
224,7079,897,23,207,15,11,92
225,4653,131,0,16,2,1,39
226,7375,297,7,79,0,11,182
227,709,787,20,204,0,0,92
228,460,792,86,740,67,51,17
229,3726,4,1,9,3,0,0
230,6798,231,7,137,4,15,39
231,5341,983,76,184,180,138,27
232,1606,3,1,8,4,3,3
233,9617,0,4,5,6,0,4
234,3233,562,21,464,28,10,32
235,89,5,9,20,6,8,21
236,2936,18,0,4,0,0,1
237,9449,415,5,124,15,35,11
238,7297,5,3,10,12,7,20
239,11004,8,0,5,7,0,2
240,313,901,61,757,186,163,20
241,9940,382,114,276,75,124,38
242,10735,14,1,7,2,1,1
243,9529,559,153,503,218,13,181
244,6439,789,0,133,0,28,152
245,7411,11,0,5,0,0,1
246,2176,1218,16,272,104,0,80
247,9265,925,64,179,133,12,77
248,8867,864,134,768,150,38,172
249,8932,960,28,183,220,70,70
250,10236,16,3,25,6,1,13
251,6340,3,3,7,0,2,11
252,10089,168,148,444,32,172,148
253,2227,45,47,52,21,20,25
254,10992,650,28,353,45,42,30
255,5304,24,0,8,0,0,1
256,309,918,21,118,13,10,21
257,3406,138,33,87,28,24,12
258,2661,12,4,2,10,6,10
259,3153,11,0,4,0,0,2
260,10264,1,2,8,4,3,13
261,1184,554,41,215,11,0,24
262,4200,167,2,62,24,13,7
263,9396,9,0,6,4,1,5
264,2387,177,2,71,3,2,20
265,6690,38,4,22,4,2,20
266,1225,483,84,398,205,84,241
267,9703,77,2,35,0,1,69
268,291,182,74,298,162,149,116
269,4557,10,7,19,8,2,21
270,2379,778,44,499,95,73,146
271,5726,16,7,23,0,8,6
272,3066,167,0,43,6,2,13
273,6336,13,2,14,8,7,4
274,10967,33,6,40,3,7,10
275,2304,625,7,99,10,22,7
276,3445,216,162,224,101,92,162
277,7828,68,129,396,188,22,15
278,3762,196,0,512,33,130,54
279,4391,635,15,100,20,7,131
280,4669,4,19,9,28,25,17
281,10144,297,7,79,0,11,182
282,8652,84,5,38,150,12,28
283,1672,204,7,149,20,15,66
284,8962,26,0,8,0,0,3
285,9974,15,6,20,4,5,20
286,10983,304,98,230,150,74,74
287,8148,285,28,242,55,114,135
288,10102,395,183,565,166,141,28
289,4697,248,3,81,4,3,51
290,9262,20,6,5,0,9,12
291,7254,39,0,56,20,8,14
292,4543,777,129,573,216,21,203
293,4927,8,3,22,21,1,13
294,10451,9,1,3,0,4,8
295,2926,1241,0,80,0,13,40
296,2874,6,4,7,4,3,8
297,9738,65,4,16,0,4,11
298,7119,395,15,263,60,54,38
299,3924,801,0,80,0,0,35
300,5827,36,0,12,2,2,10
301,5596,513,14,154,19,0,28
302,10812,37,0,46,4,3,0
303,1717,80,15,93,20,13,52
304,9491,14,1,21,2,3,25
305,9274,525,147,112,219,147,63
306,6609,1,26,25,17,23,15
307,6963,675,11,400,15,45,11
308,4440,509,0,27,0,0,10
309,1379,154,2,46,20,4,15
310,10032,3,5,14,2,12,17
311,2826,25,0,8,2,0,2
312,2437,861,138,461,60,30,61
313,6320,768,44,561,77,44,14
314,3050,185,0,28,3,2,17
315,231,24,0,7,0,0,1
316,2392,44,4,21,6,0,27
317,9478,91,64,128,65,3,50
318,113,11,0,7,3,1,6
319,2863,738,20,172,52,50,20
320,1802,412,5,119,38,29,77
321,520,3,3,7,6,2,9
322,8275,16,0,3,0,0,1
323,9750,731,60,353,78,12,73
324,2607,424,17,118,7,23,41
325,7214,792,0,275,45,45,126
326,5835,21,2,28,3,2,9
327,3896,22,1,11,0,1,2
328,10350,33,0,5,0,0,0
329,7786,68,7,59,10,5,11
330,2861,9,1,6,3,0,4
331,663,40,2,15,8,0,6
332,10675,909,11,218,0,0,23
333,2521,23,1,13,2,2,18
334,9592,11,2,9,3,0,8
335,10151,317,46,247,151,46,139
336,7381,797,153,293,72,97,30
337,4099,10,2,16,11,2,21
338,9560,856,61,570,40,25,122
339,1150,755,144,562,104,64,224
340,10172,456,19,832,75,118,38
341,11191,37,32,38,11,3,18
342,9707,1103,0,45,0,0,34
343,6245,378,14,68,19,14,14
344,8234,1,6,7,0,1,3
345,1411,204,34,204,172,153,173
346,8553,30,0,9,0,0,3
347,1826,189,104,379,111,189,218
348,8842,15,0,12,7,3,7
349,11030,9,0,3,0,0,4
350,2579,495,33,255,11,33,8
351,175,656,80,455,52,107,93
352,9185,452,20,514,13,30,0
353,11056,546,91,410,119,0,22
354,9365,1048,0,217,0,0,12
355,6201,22,2,14,0,1,10
356,2061,78,0,11,0,0,10
357,6184,561,64,785,84,128,48
358,6142,629,17,177,69,0,8
359,4107,269,15,69,15,19,38
360,7274,736,163,818,212,163,61
361,9336,512,0,83,0,0,41
362,2958,19,3,10,11,8,6
363,933,9,0,6,4,1,5
364,5837,247,8,160,6,8,65
365,10704,404,0,92,28,27,142
366,5125,333,0,815,129,42,29
367,4432,2,3,20,6,11,9
368,5955,833,33,549,151,133,233
369,2928,789,0,142,12,9,38
370,5680,10,4,7,0,6,3
371,10313,159,4,45,6,2,38
372,2557,7,1,6,3,1,11
373,1245,977,12,253,16,12,101
374,1519,38,4,22,3,3,3
375,10703,57,0,27,0,0,36
376,1726,3,9,15,13,2,39
377,4459,10,4,14,4,4,1
378,1729,1043,24,97,32,24,157
379,1517,3,9,13,2,12,12
380,2098,11,0,5,0,0,1
381,9543,3,6,5,0,2,6
382,6878,43,12,96,78,40,55
383,3310,73,3,90,12,1,32
384,2724,12,0,1,0,0,6
385,948,4,7,7,6,4,13
386,6720,314,11,53,4,3,107
387,6202,571,50,142,33,50,159
388,2066,70,0,11,2,8,23
389,9799,866,21,151,28,21,86
390,8318,594,134,786,33,134,57
391,5642,140,4,61,0,13,4
392,2669,375,152,335,93,91,81
393,455,102,9,63,2,9,24
394,7683,554,35,113,0,7,78
395,3428,919,0,505,99,30,45
396,7414,96,1,42,12,3,32
397,6354,5,2,16,3,2,19
398,798,2,0,6,8,6,5
399,8213,6,4,9,6,36,35
400,2488,23,1,25,0,8,7
401,9999,610,105,125,137,42,21
402,7617,67,5,61,3,8,19
403,615,65,36,74,38,20,110
404,2552,416,0,26,0,0,4
405,194,23,0,11,3,2,2
406,3645,19,3,26,10,9,3
407,8890,155,7,80,13,7,10
408,5049,14,0,24,3,3,2
409,9973,370,9,92,6,9,4
410,7301,4,22,11,3,7,32
411,10882,407,53,221,58,150,26
412,7030,1200,0,204,38,29,14
413,7422,85,44,54,102,78,6
414,3523,583,34,309,0,22,125
415,7106,483,0,591,156,0,12
416,6504,2,5,9,28,6,28
417,5067,966,26,282,52,26,26
418,4216,822,114,108,179,137,114
419,8581,604,0,100,19,0,28
420,5929,19,3,19,3,1,3
421,3129,5,3,11,12,5,9
422,6528,2,2,2,2,1,1
423,1361,1076,68,103,29,91,68
424,6932,1285,42,716,55,0,21
425,7284,10,0,7,2,0,1
426,1340,551,137,792,179,103,33
427,8746,800,0,297,0,34,57
428,5987,2,2,11,10,6,12
429,3767,378,0,189,97,172,172
430,3725,1248,16,349,43,16,16
431,4324,235,0,235,19,4,191
432,238,515,47,181,149,95,95
433,6694,438,66,400,12,38,114
434,498,25,0,22,2,3,5
435,9347,31,0,7,2,0,6
436,9699,357,35,271,28,28,14
437,10664,400,4,35,6,0,22
438,5455,99,0,15,2,1,5
439,456,1,11,5,4,6,9
440,5012,5,4,13,8,0,4
441,7495,77,28,31,16,0,4
442,5029,3,1,2,4,3,1
443,10642,10,4,14,4,4,1
444,2106,0,6,3,7,6,12
445,10364,0,0,1,2,12,5
446,5954,76,14,74,13,5,10
447,1137,398,190,537,61,156,37
448,2541,14,7,11,11,0,5
449,1142,208,7,82,30,66,35
450,2276,430,16,322,43,24,33
451,2807,656,38,161,62,47,37
452,6471,14,2,30,8,2,3
453,6131,141,70,106,72,19,23
454,6233,507,19,364,25,47,9
455,4148,164,24,103,12,3,42
456,4947,606,24,974,197,194,64
457,3225,116,11,72,3,17,46
458,7540,143,15,60,24,23,5
459,10648,398,96,447,220,96,32
460,1992,522,0,257,32,16,66
461,7851,161,0,253,199,191,122
462,8594,112,0,6,2,1,14
463,7059,483,84,398,205,84,241
464,2815,7,5,39,17,15,37
465,2416,789,25,420,16,38,0
466,7999,1239,17,413,23,34,17
467,9213,4,1,5,2,0,3
468,9697,335,42,127,28,5,5
469,3916,639,8,166,11,8,58
470,2021,563,76,384,84,192,89
471,1581,2,0,8,2,2,3
472,564,746,8,125,11,8,8
473,6619,22,1,13,4,0,4
474,9081,4,1,6,4,1,9
475,178,478,0,193,110,75,117
476,916,20,3,4,2,0,2
477,5512,451,0,39,0,4,24
478,8970,371,22,39,6,0,92
479,10581,281,7,84,15,0,119
480,5300,19,7,19,0,1,24
481,5154,26,3,13,2,10,0
482,8346,138,15,35,25,11,72
483,1676,213,2,44,0,2,5
484,9286,407,28,100,120,74,18
485,2426,483,74,114,169,37,18
486,5172,738,0,232,13,20,50
487,5562,502,12,109,16,6,90
488,3436,11,0,5,2,1,1
489,3921,24,1,108,29,29,14
490,3403,1170,19,594,99,76,134
491,22,185,2,88,15,5,14
492,10965,983,20,389,240,50,40
493,9426,691,0,69,10,0,130
494,6605,504,13,131,8,0,26
495,3136,317,25,265,25,19,12
496,8737,29,1,9,2,0,2
497,11088,1396,0,322,46,35,17
498,716,529,0,356,63,28,0
499,466,388,14,218,91,14,21
500,9135,13,2,21,4,0,24
501,10623,28,0,4,0,0,0
502,8151,16,36,21,20,62,108
503,5140,1047,0,140,67,38,153
504,10160,31,0,7,2,0,6
505,4945,815,10,239,28,10,108
506,10584,225,162,387,106,36,29
507,6071,493,70,324,146,40,84
508,3386,34,4,66,3,10,20
509,8939,382,138,65,60,26,59
510,9925,127,1,56,0,1,31
511,4320,325,83,300,86,58,91
512,5389,238,17,68,8,10,6
513,6036,1168,92,408,72,129,55
514,182,284,0,55,0,6,52
515,203,1288,20,613,80,61,27
516,11025,65,0,46,4,3,20
517,10203,11,7,9,3,1,11
518,4607,227,23,389,42,21,75
519,3711,1035,134,670,25,38,0
520,3696,27,1,12,2,0,10
521,2532,982,73,351,56,14,175
522,9214,179,2,64,38,17,58
523,4943,1379,33,216,0,33,66
524,35,32,1,64,16,12,85
525,2258,8,4,15,7,6,2
526,4322,881,38,319,16,25,12
527,713,141,15,153,67,31,35
528,4702,1000,155,379,224,17,120
529,3281,206,10,67,30,27,71
530,702,162,61,83,97,57,61
531,2004,619,54,260,127,54,54
532,4769,456,4,24,0,0,9
533,4437,112,6,92,3,9,38
534,8724,11,3,22,2,2,6
535,10741,172,12,112,8,0,15
536,1991,78,0,11,0,0,7
537,6931,464,151,292,65,60,30
538,11096,99,4,32,37,54,6
539,304,19,3,19,4,5,26
540,3665,1,9,8,11,3,22
541,10591,63,10,83,7,19,19
542,5036,252,3,42,4,3,102
543,5547,1478,19,403,0,19,0
544,7822,198,18,252,32,108,54
545,8541,8,4,10,6,7,6
546,10955,416,46,925,60,107,46
547,4368,42,7,43,20,12,10
548,9671,14,3,21,2,1,28
549,2256,17,0,3,0,0,1
550,4279,15,4,10,3,4,18
551,5371,6,16,24,11,0,34
552,9240,458,0,24,6,4,34
553,9460,30,3,47,19,21,42
554,9504,179,28,520,111,123,47
555,8692,90,17,97,15,6,15
556,448,308,85,137,102,45,118
557,8314,557,129,761,29,185,111
558,8420,7,4,13,15,8,17
559,3174,1492,38,287,50,57,33
560,7685,30,8,12,8,8,12
561,3179,249,153,940,58,134,38
562,9780,465,25,132,136,0,37
563,10681,129,129,259,168,121,83
564,10232,174,18,81,28,6,24
565,4184,189,2,29,3,2,40
566,9120,747,10,161,65,40,42
567,891,6,0,2,2,0,1
568,10381,14,0,3,0,0,4
569,3525,12,0,4,0,0,1
570,6818,98,0,106,49,10,106
571,3526,32,0,5,0,0,1
572,8181,51,12,49,17,24,24
573,1029,200,5,44,0,10,20
574,7369,25,6,25,6,0,0
575,2574,1050,12,144,0,0,24
576,8159,117,0,22,13,0,30
577,1160,9,4,17,10,2,7
578,10242,56,0,11,0,0,8
579,5253,145,13,46,17,2,4
580,5966,203,0,10,0,0,2
581,5314,270,3,27,39,6,99
582,5081,9,0,16,6,6,10
583,5123,37,12,23,8,11,52
584,5756,46,0,7,0,0,2
585,8036,31,1,13,7,2,9
586,9058,1060,21,530,32,0,224
587,5057,264,47,188,54,47,11
588,254,399,4,30,6,4,30
589,4179,8,9,9,2,5,22
590,3710,19,0,35,6,4,17
591,7627,817,183,797,106,163,20
592,4501,292,127,635,132,127,165
593,6424,12,6,2,11,2,16
594,3075,130,30,168,20,34,0
595,4992,6,4,16,3,10,30
596,5252,16,12,18,7,1,13
597,7444,19,0,9,0,0,2
598,6919,4,7,15,13,9,15
599,3537,31,3,31,2,8,4
600,10277,36,0,2,0,0,4
601,2453,526,28,135,10,21,99
602,7972,400,32,519,71,75,54
603,895,410,16,114,0,5,49
604,1177,80,3,26,4,2,14
605,7141,88,10,46,2,3,64
606,7232,55,0,6,2,0,4
607,8477,5,1,13,3,5,1
608,2457,8,4,5,15,2,11
609,988,410,0,592,147,22,22
610,7930,101,13,76,20,18,40
611,4587,162,25,53,16,0,10
612,6682,2,8,1,4,7,15
613,6222,25,0,8,2,0,2
614,10299,389,91,248,64,49,41
615,3083,215,13,87,17,17,24
616,8953,27,0,5,0,0,3
617,1503,85,1,16,2,1,2
618,8650,5,6,10,6,5,10
619,10862,179,8,83,19,11,26
620,2782,352,0,27,10,0,15
621,6941,17,8,12,11,15,32
622,10972,625,35,169,58,17,35
623,10708,10,6,11,0,4,2
624,6583,390,22,323,104,35,107
625,3641,10,2,15,2,1,6
626,10156,215,63,507,231,31,190
627,4299,1001,17,572,93,125,17
628,3469,19,18,33,24,1,8
629,5063,41,5,129,10,3,3
630,10727,1181,107,199,39,30,30
631,9624,603,45,207,36,18,54
632,5156,129,129,259,168,121,83
633,4376,10,24,15,13,1,30
634,8923,514,22,732,42,198,79
635,8461,14,0,1,0,0,1
636,6945,387,20,713,38,54,163
637,944,121,103,69,8,44,48
638,1907,965,69,279,54,41,69
639,701,707,21,250,85,43,73
640,3856,571,50,142,33,50,159
641,4149,586,66,653,17,0,26
642,2131,1063,89,102,16,12,25
643,2942,305,3,27,4,3,144
644,1173,1200,105,758,0,42,147
645,4381,163,2,40,8,11,11
646,4611,1009,181,104,202,21,207
647,3376,125,6,73,8,4,19
648,4679,721,0,152,119,50,50
649,10928,315,4,62,41,31,146
650,4248,1000,19,711,125,115,38
651,6728,16,0,17,6,3,6
652,6661,757,80,217,29,80,11
653,4725,30,2,25,0,1,9
654,3277,219,3,100,26,0,17
655,5555,1,1,1,1,1,1
656,2564,111,3,28,2,6,15
657,946,45,47,52,21,20,25
658,3867,410,112,420,0,82,71
659,6940,100,1,39,6,1,76
660,55,509,0,65,7,11,5
661,7093,3,6,5,0,2,6
662,5084,445,53,213,104,98,151
663,1777,2,2,11,41,7,11
664,8162,4,1,11,6,2,2
665,10826,6,1,7,23,4,19
666,8754,14,0,3,0,0,3
667,1987,1,10,11,19,3,15
668,11007,26,0,6,0,0,2
669,7426,111,16,37,7,9,18
670,9153,418,61,428,80,51,10
671,10379,327,9,122,19,14,83
672,9204,371,159,194,58,106,141
673,3197,275,59,107,69,101,59
674,2920,789,0,142,12,9,38
675,6961,1,1,5,0,3,1
676,4673,1004,12,145,32,12,36
677,9937,187,81,149,25,43,91
678,8779,56,4,76,17,1,18
679,9596,365,32,117,34,110,6
680,2891,595,23,123,10,23,154
681,4910,1132,134,384,175,134,115
682,75,34,11,137,179,61,45
683,10120,116,6,82,6,6,41
684,6327,565,32,435,28,32,54
685,10142,372,18,126,47,48,78
686,9826,899,102,838,133,102,40
687,1501,55,16,1622,17,3,4
688,10767,760,40,480,0,40,26
689,7279,260,86,559,63,9,67
690,7230,459,0,24,6,0,4
691,143,466,0,224,119,49,99
692,450,67,15,80,17,11,80
693,9316,2,0,7,3,7,10
694,6379,67,1,20,0,2,31
695,9239,92,4,18,3,3,6
696,8315,4,2,11,2,0,4
697,2868,20,1,28,3,3,2
698,10888,273,11,178,62,83,29
699,1277,434,22,388,104,22,34
700,9977,321,11,309,33,26,34
701,10196,212,123,177,15,64,23
702,6384,909,12,278,0,12,242
703,8029,1184,32,352,21,16,16
704,968,112,19,21,16,14,5
705,6988,656,80,455,52,107,93
706,4472,23,0,8,6,2,18
707,6991,537,6,42,16,6,30
708,3336,712,0,45,0,0,191
709,4301,23,1,13,2,2,18
710,1940,1,3,4,2,2,6
711,1272,664,58,83,32,0,66
712,1388,6,10,21,19,14,42
713,1044,299,5,201,21,21,49
714,6969,99,13,66,43,8,4
715,10479,749,40,294,121,160,147
716,3619,345,25,501,63,138,80
717,1715,9,4,18,7,5,5
718,10159,440,81,368,0,122,174
719,1463,8,2,5,3,0,3
720,5114,670,9,249,0,28,9
721,4990,524,0,134,28,28,155
722,4329,6,0,6,2,1,1
723,10936,597,166,597,172,166,249
724,4692,7,0,12,13,7,32
725,7212,54,0,7,0,0,4
726,6086,445,25,706,80,76,48
727,437,294,142,218,164,58,151
728,11171,292,3,77,10,3,26
729,11101,412,22,132,59,28,183
730,5329,8,0,3,0,0,0
731,610,349,4,78,6,0,43
732,9384,328,9,124,12,24,109
733,5956,144,2,99,7,2,30
734,10430,1126,28,211,37,28,42
735,7875,967,0,617,43,50,0
736,7072,432,79,341,177,136,170
737,6255,138,39,63,55,18,21
738,6516,0,0,1,7,4,6
739,5564,509,133,497,78,24,97
740,5682,948,10,86,13,21,21
741,7458,39,2,25,4,3,24
742,5237,28,1,21,3,0,10
743,7761,13,11,24,13,8,40
744,5278,307,26,360,138,31,40
745,3560,901,31,345,75,31,191
746,7235,2,5,12,4,8,7
747,10548,283,17,372,138,106,44
748,2281,4,3,7,0,3,11
749,4073,769,80,252,15,34,65
750,6974,518,42,742,55,56,84
751,7938,350,8,66,17,4,4
752,7094,445,53,213,104,98,151
753,3667,778,178,689,41,27,44
754,7723,709,93,374,104,80,80
755,3870,359,35,314,93,116,89
756,4012,799,12,375,16,12,12
757,5909,895,10,101,13,0,152
758,10470,40,2,23,0,4,23
759,6488,76,0,7,0,0,16
760,10270,11,5,22,12,5,11
761,6887,245,16,223,21,43,16
762,6406,647,107,391,175,67,40
763,7573,39,1,9,2,1,34
764,4508,203,35,305,46,17,227
765,221,138,3,38,4,0,59
766,5331,587,51,898,247,0,86
767,1911,595,97,291,127,133,121
768,20,43,12,23,29,15,61
769,8786,301,7,74,10,0,58
770,10582,180,32,348,76,32,90
771,1915,794,115,243,150,0,205
772,8897,392,5,91,28,26,112
773,2371,39,1,22,3,4,12
774,4303,107,2,12,2,2,12
775,6825,13,0,3,0,0,0
776,1072,70,0,17,0,0,6
777,4964,680,11,392,75,0,0
778,2461,26,1,11,0,1,4
779,10736,522,0,522,227,120,134
780,3194,412,12,546,78,182,0
781,10839,6,5,5,8,0,5
782,49,2,3,6,4,1,9
783,4290,1,3,8,2,5,5
784,10219,6,2,15,6,6,3
785,4211,4,12,5,3,16,17
786,1135,18,2,19,0,2,6
787,6299,324,48,186,39,18,198
788,10846,327,9,125,25,4,139
789,347,229,27,71,13,3,34
790,6543,521,168,706,80,76,61
791,10446,184,23,446,30,23,23
792,3479,4,8,11,12,2,13
793,11075,183,2,64,7,2,12
794,4442,31,19,35,26,14,52
795,199,219,3,60,12,9,12
796,6722,479,28,136,75,14,35
797,796,584,44,212,46,8,177
798,3749,627,91,597,159,91,15
799,8523,24,1,16,12,2,5
800,310,330,5,159,36,27,16
801,8629,19,1,10,2,1,8
802,236,28,23,29,29,14,47
803,9930,606,148,228,15,148,22
804,3483,1039,43,204,153,58,29
805,4599,411,0,26,0,0,21
806,7326,34,1,19,2,7,0
807,7352,161,28,136,32,3,45
808,2350,623,53,178,23,17,133
809,9145,604,26,470,123,161,94
810,2964,3,10,8,3,16,32
811,5585,12,2,17,6,1,10
812,9687,184,174,256,50,30,32
813,3732,393,0,239,90,69,69
814,6303,410,73,747,76,161,30
815,11176,376,9,83,19,4,4
816,2986,7,2,4,2,1,4
817,7462,68,0,226,51,157,68
818,3900,642,14,49,0,7,57
819,7034,8,7,9,13,6,12
820,9493,840,53,804,23,71,17
821,1143,7,10,13,3,11,11
822,1,464,5,64,7,0,37
823,3855,30,3,47,19,21,42
824,5536,1492,38,287,50,57,33
825,5989,752,122,476,39,153,34
826,9499,1279,15,287,20,0,15
827,6768,22,1,8,2,1,2
828,2150,860,28,409,73,56,56
829,6646,3,0,5,13,0,1
830,4887,10,5,28,11,1,8
831,8560,351,16,156,7,5,145
832,3321,421,5,90,0,16,10
833,11003,2,5,7,0,18,18
834,10402,25,1,9,2,1,1
835,9904,336,123,274,46,123,141
836,6141,191,9,97,0,6,82
837,5687,563,50,774,28,31,187
838,10856,31,0,6,0,1,8
839,5121,479,5,82,7,17,171
840,4186,18,6,15,12,8,17
841,368,91,65,52,10,44,28
842,3312,5,7,24,19,14,20
843,11121,2,14,28,16,3,7
844,5332,362,50,431,134,35,54
845,5848,724,74,929,97,55,130
846,10343,605,91,399,0,45,205
847,5935,547,7,140,0,7,63
848,2895,104,1,54,13,9,14
849,10262,8,2,15,0,10,18
850,7848,224,2,25,7,0,110
851,9477,384,0,102,21,32,5
852,4856,556,54,845,202,133,63
853,7186,24,0,2,0,0,9
854,5794,408,0,21,0,0,17
855,1456,265,199,303,234,9,170
856,4877,34,0,7,0,0,0
857,425,374,64,116,84,25,64
858,3007,27,2,10,0,0,1
859,1031,600,20,350,29,30,33
860,4297,13,2,18,6,1,0
861,807,167,2,89,0,0,34
862,9553,0,2,3,4,1,5
863,4271,46,35,69,84,41,66
864,4120,88,39,78,58,13,93
865,2036,243,11,119,10,3,15
866,115,275,11,68,25,7,7
867,4259,6,0,4,0,0,0
868,8687,121,62,90,68,20,125
869,2447,4,12,15,19,7,12
870,10140,1308,0,396,23,0,0
871,9353,515,47,267,62,66,38
872,3623,4,0,16,17,4,4
873,738,48,13,57,24,15,25
874,7631,562,58,168,43,16,142
875,4789,769,22,500,210,143,33
876,773,379,4,93,12,9,98
877,10602,29,12,59,19,1,36
878,1446,387,68,569,89,45,68
879,3270,12,23,38,30,18,7
880,8443,6,10,12,3,15,40
881,9653,27,1,14,4,1,21
882,8916,9,1,5,0,0,1
883,8017,22,0,19,6,5,3
884,5830,899,102,838,133,102,40
885,4597,889,55,685,168,92,129
886,7023,189,2,55,0,5,12
887,8086,48,0,2,0,0,5
888,8825,230,14,156,82,24,58
889,2930,852,60,207,78,36,48
890,1928,35,3,20,4,1,20
891,7108,205,20,47,23,2,56
892,10925,255,31,446,40,56,175
893,9960,0,0,1,8,3,2
894,8800,437,8,206,160,49,42
895,9224,825,8,53,11,0,242
896,5519,316,58,161,76,51,135
897,5046,756,138,354,160,169,61
898,7037,194,55,134,15,0,3
899,905,7,17,18,6,10,26
900,8624,183,33,493,59,103,57
901,8945,171,0,11,0,1,20
902,6445,243,101,405,29,40,40
903,2727,181,21,69,39,3,96
904,6404,151,7,89,0,7,28
905,11074,494,92,391,194,11,241
906,10150,464,28,873,29,18,37
907,1968,5,1,5,10,0,7
908,6534,29,0,29,0,5,4
909,9485,102,9,49,24,3,12
910,7053,604,28,674,91,28,28
911,4654,571,12,523,63,60,24
912,9760,953,0,71,0,0,174
913,1048,63,3,67,8,9,28
914,10619,770,29,890,250,27,24
915,9308,398,61,265,138,61,53
916,10505,741,19,154,50,9,28
917,8362,1478,19,403,0,19,0
918,2625,156,29,56,30,32,47
919,4637,960,64,464,146,0,16
920,9972,38,0,2,0,0,6
921,4483,315,26,473,220,12,182
922,4487,15,20,25,2,7,26
923,4988,19,6,20,0,5,12
924,8931,812,99,431,237,149,33
925,5871,73,28,217,10,24,115
926,2008,372,23,384,250,12,108
927,3139,871,111,704,145,55,166
928,10037,375,152,335,93,91,81
929,10673,760,80,466,17,13,80
930,5303,471,0,510,99,21,12
931,538,31,9,27,16,9,33
932,7922,819,0,72,12,0,63
933,5692,1,4,3,8,9,7
934,4843,203,35,305,46,17,227
935,6383,26,0,15,2,1,2
936,1628,354,21,311,167,75,32
937,1204,1253,0,447,23,71,35
938,3673,371,17,238,23,24,106
939,760,588,7,76,110,15,15
940,8957,480,86,249,75,86,144
941,4128,517,12,54,16,6,120
942,6810,267,98,606,48,70,98
943,5386,1111,24,790,160,45,172
944,8700,7,7,14,7,16,15
945,3202,1166,0,48,0,0,36
946,1328,261,42,144,55,48,133
947,8405,135,25,51,23,25,46
948,6515,6,2,18,2,8,14
949,2882,711,28,142,49,18,47
950,7574,11,0,13,2,4,11
951,6387,42,0,17,0,0,18
952,5320,79,7,58,6,3,18
953,5048,20,6,43,19,5,38
954,8146,30,0,8,2,0,14
955,10031,20,2,23,3,1,4
956,5748,115,27,44,4,146,139
957,2134,263,5,233,69,41,83
958,1523,69,2,15,2,2,6
959,9665,267,3,30,4,0,57
960,4640,561,85,171,25,123,114
961,3635,492,0,37,7,0,42
962,3547,14,7,9,6,16,12
963,2456,80,4,46,0,17,2
964,5633,97,12,84,13,10,15
965,7801,197,107,227,7,59,131
966,10489,693,21,925,31,24,84
967,7011,43,2,27,0,9,12
968,2620,14,0,2,0,0,7
969,3933,186,36,234,86,72,48
970,10981,434,137,400,45,137,45
971,1734,59,0,11,4,2,5
972,10995,16,5,30,8,7,26
973,6357,230,35,75,63,57,31
974,9209,829,138,430,60,92,15
975,10286,318,8,407,150,35,8
976,2611,1206,55,445,168,18,18
977,1600,292,3,77,10,3,26
978,3308,30,9,12,2,11,30
979,5407,729,17,133,11,0,195
980,2166,12,1,3,0,0,7
981,3955,2,1,1,1,0,1
982,6634,22,3,18,0,0,11
983,3056,587,43,337,42,87,54
984,5718,674,168,108,192,42,231
985,6872,284,3,84,4,7,23
986,8164,1023,93,651,49,55,37
987,4580,1394,22,708,89,91,182
988,9305,311,26,640,180,37,121
989,453,27,0,12,0,1,5
990,8545,1296,17,311,45,69,51
991,9850,3,6,7,0,0,3
992,7378,393,5,136,7,5,27
993,7646,218,63,282,137,35,70
994,1640,66,0,16,0,6,20
995,5184,4,2,11,2,0,4
996,8492,795,0,545,95,58,0
997,11188,15,10,19,8,17,20
998,1212,384,25,292,130,41,64
999,9097,244,8,32,7,2,50
1000,10473,158,19,288,25,0,38
1001,7962,1285,21,449,106,20,20
1002,9984,349,16,144,28,5,182
1003,5527,4,12,11,3,13,15
1004,6374,223,2,31,0,2,39
1005,7453,157,43,127,68,56,37
1006,8952,397,46,288,20,38,70
1007,241,901,31,345,75,31,191
1008,8975,14,3,21,2,1,28
1009,6119,10,0,3,0,0,4
1010,5236,1230,0,396,232,178,158
1011,5723,81,1,31,2,1,0
1012,1710,154,20,66,0,12,27
1013,1970,63,0,21,7,0,12
1014,5313,30,0,11,0,0,3
1015,10634,90,67,165,30,43,11
1016,7010,635,114,254,132,152,76
1017,8562,127,4,73,15,6,11
1018,3158,13,3,6,6,5,6
1019,4436,18,42,24,15,20,18
1020,5287,45,2,26,4,1,1
1021,2445,38,1,24,0,0,0
1022,6059,986,36,168,16,0,108
1023,4550,61,0,3,0,0,7
1024,4240,4,9,16,17,0,12
1025,8911,201,53,172,116,77,83
1026,3706,19,8,29,0,12,26
1027,3628,4,8,11,19,12,26
1028,10175,18,0,2,0,0,2
1029,8985,806,80,161,120,11,33
1030,5204,380,98,733,110,112,28
1031,9220,576,172,961,125,115,19
1032,9888,458,81,356,106,50,40
1033,5263,5,10,13,3,8,16
1034,1020,350,60,568,110,133,145
1035,9503,39,33,130,41,26,44
1036,10613,26,1,16,2,2,15
1037,67,68,0,16,0,0,8
1038,6019,45,3,9,4,4,7
1039,5863,359,0,134,13,26,123
1040,3717,403,24,29,6,24,218
1041,6730,34,1,14,0,0,5
1042,10749,73,18,66,7,12,2
1043,4998,292,30,415,63,33,200
1044,6287,14,0,16,0,0,6
1045,5985,80,1,37,0,1,3
1046,4754,30,11,33,13,6,29
1047,4002,463,96,333,168,53,10
1048,8870,75,12,141,43,39,187
1049,966,538,13,91,17,6,26
1050,4767,635,114,254,132,152,76
1051,9725,8,0,3,0,0,1
1052,4475,1315,22,780,145,0,178
1053,5740,4,2,12,7,5,26
1054,5731,12,0,13,2,0,10
1055,7290,347,44,534,17,0,26
1056,3846,192,5,53,0,5,15
1057,8104,241,0,12,0,0,25
1058,4507,631,28,491,30,14,56
1059,11013,336,28,282,184,54,54
1060,4491,1099,0,45,0,0,34
1061,3759,743,19,181,12,0,200
1062,1162,124,83,267,85,59,35
1063,2055,15,0,8,4,2,20
1064,10766,397,19,69,12,0,9
1065,4415,10,4,4,3,3,14
1066,3005,530,117,678,134,44,147
1067,2223,1215,33,249,64,116,149
1068,4817,3,2,7,0,4,2
1069,2875,444,44,382,11,8,17
1070,10536,26,0,15,2,1,2
1071,11112,736,114,279,82,76,190
1072,3807,473,21,176,19,21,56
1073,9197,32,0,5,2,0,8
1074,10832,288,10,30,4,10,125
1075,6421,1050,178,555,77,138,118
1076,4207,1001,44,107,58,44,44
1077,577,9,1,7,0,3,2
1078,10855,234,14,77,19,10,42
1079,3081,7,2,6,2,0,3
1080,3535,251,108,334,65,92,117
1081,247,172,10,125,21,13,16
1082,8707,565,42,548,64,83,99
1083,9523,5,0,8,2,0,0
1084,6072,918,57,842,99,38,133
1085,6295,652,8,158,21,0,142
1086,10914,4,1,7,2,1,2
1087,1509,152,27,103,106,54,81
1088,5577,8,0,9,2,1,3
1089,7348,336,130,411,240,32,43
1090,1127,938,19,843,25,95,38
1091,1833,68,8,18,19,8,12
1092,4944,227,23,389,42,21,75
1093,9080,38,4,22,3,3,3
1094,6466,105,0,9,2,1,4
1095,9964,162,50,100,55,30,27
1096,4790,574,8,216,21,16,33
1097,10245,160,80,369,67,39,41
1098,1109,6,0,5,0,0,1
1099,6001,614,35,160,58,35,35
1100,5538,897,161,430,186,161,27
1101,10552,70,54,109,80,9,45
1102,1545,120,19,206,25,19,54
1103,7409,211,2,30,7,7,10
1104,4444,11,0,16,7,6,21
1105,146,760,53,400,17,93,0
1106,6271,53,0,8,0,0,2
1107,10065,7,4,13,15,8,17
1108,4741,391,32,70,21,32,16
1109,246,199,9,57,20,21,6
1110,375,516,56,449,86,33,16
1111,1524,709,45,115,30,160,45
1112,10022,12,0,4,0,0,0
1113,7451,1000,19,711,125,115,38
1114,11010,19,3,18,3,1,0
1115,4356,1224,28,140,0,14,168
1116,3885,16,2,18,3,0,24
1117,1175,88,39,54,64,28,153
1118,880,2,23,11,8,6,46
1119,2320,508,11,59,23,5,29
1120,850,381,28,215,84,28,21
1121,4713,74,0,42,2,1,6
1122,675,146,0,93,7,13,73
1123,5025,23,17,23,43,20,9
1124,2308,110,5,137,26,23,29
1125,5995,165,3,147,4,24,41
1126,6749,957,47,494,82,47,95
1127,1010,41,0,17,3,1,16
1128,8977,1,3,4,2,3,11
1129,4756,176,29,818,0,33,112
1130,3412,815,8,53,11,0,70
1131,606,6,1,2,2,0,4
1132,5961,8,4,20,6,3,16
1133,2975,717,42,864,219,30,84
1134,2894,1067,138,750,0,19,39
1135,7613,166,5,107,11,8,29
1136,10542,29,4,34,2,4,4
1137,8015,714,76,395,116,0,12
1138,10617,8,4,10,2,2,4
1139,11166,229,5,56,3,2,20
1140,849,320,48,133,39,72,48
1141,523,23,0,26,7,15,3
1142,4066,1,5,8,4,8,20
1143,8414,56,0,12,0,0,18
1144,819,508,124,249,50,38,134
1145,4961,29,0,25,2,2,3
1146,749,46,7,59,2,4,27
1147,5430,454,0,171,8,19,32
1148,7755,350,3,39,0,0,19
1149,10525,10,0,8,0,0,9
1150,1453,735,40,183,52,20,30
1151,8310,897,126,196,91,112,37
1152,10710,5,2,3,3,0,5
1153,5031,777,35,731,39,137,114
1154,2613,162,6,37,6,13,13
1155,213,35,0,11,0,0,2
1156,967,342,9,112,19,14,19
1157,1077,258,105,239,237,172,9
1158,7959,658,80,483,123,13,13
1159,640,356,80,329,138,17,106
1160,4252,213,5,28,7,7,41
1161,8432,454,0,171,8,19,32
1162,6218,457,4,29,0,0,9
1163,6905,241,45,604,34,26,54
1164,5922,210,0,6,0,0,2
1165,3598,441,35,83,7,29,11
1166,6116,19,13,18,10,7,8
1167,6263,28,9,37,12,7,13
1168,10486,476,75,162,29,151,97
1169,2410,364,40,425,158,60,50
1170,193,0,0,2,3,3,8
1171,3363,0,6,3,7,6,12
1172,8278,863,83,547,86,99,33
1173,10660,349,7,35,0,0,47
1174,8686,5,23,15,0,18,14
1175,1604,184,2,19,8,8,4
1176,5907,8,0,8,0,0,2
1177,10669,277,21,64,62,21,25
1178,2918,44,5,19,0,4,19
1179,5735,1156,120,915,94,144,96
1180,359,373,14,83,6,9,19
1181,8387,134,8,76,6,0,11
1182,1829,1148,0,60,0,0,24
1183,3839,6,12,3,21,6,40
1184,9392,4,1,11,0,0,1
1185,2292,5,4,8,2,0,5
1186,10466,24,2,20,2,2,10
1187,9855,899,0,101,0,0,20
1188,4088,108,1,28,13,1,4
1189,5231,27,2,7,0,2,13
1190,590,816,66,549,216,66,99
1191,8732,1298,0,70,37,14,42
1192,2315,10,0,11,17,29,29
1193,3515,87,13,34,10,6,10
1194,2245,57,2,51,4,2,23
1195,6283,635,15,100,20,7,131
1196,2246,43,12,23,29,15,61
1197,6606,964,34,137,15,0,11
1198,5545,572,8,259,34,35,80
1199,7342,341,142,113,259,151,66
1200,837,63,6,57,13,13,22
1201,9500,221,104,169,102,78,84
1202,3602,140,3,29,4,5,14
1203,234,1,2,8,4,3,13
1204,2995,291,10,689,84,10,0
1205,1118,544,13,85,8,6,29
1206,7789,684,100,801,21,66,0
1207,3068,1,12,9,0,14,7
1208,8955,35,0,4,0,0,10
1209,945,87,3,25,3,2,13
1210,5644,309,3,24,4,3,20
1211,7192,172,73,93,95,78,34
1212,2324,625,38,242,50,34,76
1213,697,972,59,913,25,19,59
1214,3439,157,6,39,6,13,75
1215,1506,48,9,45,3,15,20
1216,232,279,83,88,32,14,34
1217,8876,132,0,16,0,0,4
1218,4500,919,0,505,99,30,45
1219,9739,62,0,22,3,1,26
1220,10395,1,45,3,4,6,42
1221,1176,2,6,4,3,1,9
1222,1627,408,61,109,48,122,41
1223,938,51,1,7,2,1,25
1224,2740,62,1,16,3,2,6
1225,257,952,12,180,47,12,12
1226,4058,618,15,106,20,7,45
1227,7736,11,7,12,2,2,27
1228,8210,318,3,17,4,7,56
1229,833,56,0,14,0,0,2
1230,6230,110,5,59,7,1,7
1231,7325,23,0,11,2,1,3
1232,1307,27,5,8,8,3,12
1233,1502,18,3,19,3,3,6
1234,6211,18,0,9,0,1,11
1235,843,303,0,280,60,147,15
1236,4174,97,1,19,2,0,11
1237,9757,997,15,414,99,30,76
1238,6918,5,4,13,8,0,4
1239,286,95,11,35,0,4,7
1240,11086,1,6,2,3,6,3
1241,1921,46,1,12,3,0,9
1242,4138,411,106,147,54,115,66
1243,7718,244,51,270,101,0,45
1244,1291,152,9,121,12,12,45
1245,6862,1,1,3,1,1,1
1246,4136,10,17,18,8,26,40
1247,803,12,0,5,0,0,4
1248,4298,5,0,4,0,0,1
1249,10833,790,19,133,12,0,19
1250,9606,882,29,514,38,29,44
1251,8534,615,28,259,12,48,30
1252,5153,1004,59,265,115,59,27
1253,961,133,27,421,13,195,71
1254,5011,595,23,123,10,23,154
1255,6653,293,0,87,4,11,23
1256,9094,313,15,47,20,0,192
1257,810,151,81,86,168,91,64
1258,5493,15,0,2,0,0,6
1259,2147,736,63,946,219,189,126
1260,5107,15,0,8,4,2,20
1261,3979,982,17,672,23,34,51
1262,6049,1142,51,415,90,69,37
1263,8147,28,0,11,0,0,9
1264,1857,46,0,12,0,2,23
1265,3910,897,161,430,186,161,27
1266,5207,489,6,152,8,6,132
1267,11114,25,4,9,6,8,32
1268,5429,145,1,33,2,1,1
1269,9400,630,26,611,44,18,54
1270,1740,760,38,104,50,9,38
1271,7488,420,15,186,151,38,15
1272,195,125,17,52,3,19,30
1273,635,464,5,64,7,0,70
1274,7527,6,6,29,12,15,8
1275,10319,1090,12,96,16,12,60
1276,2296,3,2,11,2,2,10
1277,10637,24,0,27,8,30,10
1278,2931,737,21,106,55,63,210
1279,907,254,6,71,4,0,27
1280,3698,817,185,687,145,55,241
1281,9516,620,54,239,99,98,119
1282,679,13,4,20,0,0,1
1283,7384,113,61,204,34,26,47
1284,5043,7,23,78,133,49,144
1285,5267,16,2,18,2,1,5
1286,339,462,0,24,6,0,4
1287,2516,22,2,10,6,4,34
1288,9010,968,147,842,137,42,210
1289,378,283,112,151,51,72,125
1290,4808,1,2,5,6,0,3
1291,5068,14,1,7,2,1,1
1292,7628,30,5,24,6,3,8
1293,7128,4,0,5,0,1,5
1294,2811,52,0,9,0,0,1
1295,3551,62,1,57,19,11,48
1296,1663,20,2,14,3,0,10
1297,5543,545,7,114,37,21,78
1298,1577,558,79,622,207,175,95
1299,10641,6,5,4,13,4,25
1300,5336,39,1,9,2,0,8
1301,6024,1111,24,790,160,45,172
1302,1878,4,6,8,6,3,10
1303,3099,183,5,65,3,5,49
1304,6055,546,72,376,94,145,72
1305,5841,606,7,155,10,0,54
1306,3972,266,6,51,8,6,64
1307,4394,1142,29,249,38,29,14
1308,5758,1074,0,69,0,0,46
1309,6658,771,51,154,54,10,154
1310,4603,371,32,189,0,58,6
1311,8427,556,14,717,210,0,43
1312,10260,202,5,74,11,5,14
1313,7143,209,162,209,41,162,37
1314,8789,35,40,111,36,40,12
1315,6197,37,0,17,0,0,3
1316,4554,171,45,73,59,10,90
1317,4937,12,2,20,3,2,5
1318,1920,44,4,21,6,0,27
1319,8749,20,2,9,4,6,20
1320,1650,779,86,537,34,69,138
1321,10377,170,6,97,24,12,88
1322,9206,491,48,231,112,105,134
1323,10971,173,8,107,7,2,176
1324,6398,7,10,13,16,0,4
1325,9212,1205,0,235,19,14,205
1326,7937,10,7,25,6,3,7
1327,839,97,4,44,6,1,18
1328,4246,67,11,26,4,3,262
1329,158,345,53,528,98,75,97
1330,4832,6,5,17,3,24,46
1331,5621,73,57,100,71,15,0
1332,1945,711,36,217,172,96,168
1333,5147,774,70,118,182,187,93
1334,2535,163,0,480,0,126,75
1335,11039,82,33,54,71,30,41
1336,9495,358,108,413,141,97,32
1337,9635,66,2,40,4,3,14
1338,2173,13,6,7,0,3,3
1339,942,139,13,78,20,13,36
1340,9386,274,0,21,4,6,15
1341,5510,262,6,61,0,10,102
1342,873,1099,0,45,0,0,34
1343,2253,32,0,8,23,4,18
1344,5181,2,4,2,0,11,5
1345,979,6,10,21,19,14,42
1346,10390,6,7,4,3,4,6
1347,4698,135,46,92,65,61,11
1348,7793,641,7,84,0,30,38
1349,1745,714,76,395,116,0,12
1350,10590,794,73,573,0,29,14
1351,5080,420,0,452,182,64,140
1352,8369,1,2,7,4,3,11
1353,5232,86,12,75,33,15,6
1354,2407,823,25,459,124,29,95
1355,3834,231,161,215,171,30,53
1356,7912,8,15,27,0,20,33
1357,7712,182,17,259,77,70,29
1358,1065,557,129,984,193,37,18
1359,7275,79,1,31,4,4,12
1360,1343,368,24,68,38,0,88
1361,1384,6,4,14,8,8,22
1362,9967,160,15,196,15,11,50
1363,6181,488,21,238,56,108,28
1364,10507,691,7,69,0,7,23
1365,2674,543,10,205,160,143,82
1366,2698,254,7,108,20,0,26
1367,3231,5,4,10,2,2,7
1368,4096,112,19,21,16,14,5
1369,10476,134,11,59,15,2,30
1370,5948,143,6,52,11,8,17
1371,9140,51,4,24,4,7,1
1372,10258,27,0,5,0,0,3
1373,5675,459,0,24,6,0,4
1374,4743,689,8,167,11,8,88
1375,8805,283,10,38,0,13,27
1376,1542,347,0,35,4,3,7
1377,6770,5,13,14,0,5,31
1378,8773,280,0,18,0,0,24
1379,10475,187,5,65,26,20,14
1380,10420,95,14,64,2,9,38
1381,7514,84,10,34,11,10,28
1382,2902,19,4,12,2,2,6
1383,4345,5,1,9,2,0,4
1384,793,18,3,17,3,0,4
1385,10909,992,24,694,51,19,119
1386,3769,25,1,13,0,0,3
1387,8702,9,1,7,0,3,2
1388,4791,19,1,17,2,0,2
1389,2963,709,93,374,104,80,80
1390,8216,158,0,76,13,7,71
1391,8140,10,14,29,4,2,36
1392,10146,25,1,13,0,0,3
1393,5289,8,4,12,15,4,29
1394,2587,14,0,6,0,0,0
1395,4405,622,7,115,30,0,15
1396,8663,11,0,3,0,0,1
1397,2589,25,3,16,8,5,2
1398,3421,635,15,100,20,7,131
1399,10490,100,64,79,65,0,109
1400,4094,201,2,43,3,5,35
1401,9958,642,14,49,0,7,57
1402,2534,97,1,41,6,2,41
1403,4188,204,5,39,17,0,89
1404,6613,513,7,133,46,14,14
1405,10827,88,3,21,4,1,29
1406,5491,172,12,112,8,0,15
1407,8402,329,35,222,130,35,43
1408,8783,296,13,104,11,13,17
1409,10010,100,2,16,2,1,31
1410,618,422,7,238,69,46,15
1411,9121,1218,16,272,104,0,80
1412,361,5,1,7,2,1,4
1413,4310,507,93,520,242,40,26
1414,2678,52,12,50,4,36,55
1415,6376,191,56,139,51,8,100
1416,524,2,23,11,8,6,46
1417,10341,68,28,39,16,30,41
1418,5654,20,4,10,6,4,17
1419,4098,20,3,16,0,4,1
1420,5824,7,0,1,0,0,0
1421,7000,279,172,74,38,8,246
1422,2561,977,12,253,16,12,101
1423,5229,30,1,8,0,0,3
1424,4086,6,1,7,23,4,19
1425,2428,3,18,26,11,8,12
1426,8254,14,0,2,0,0,7
1427,2836,10,1,7,0,0,1
1428,8418,7,10,17,8,6,13
1429,1362,33,87,64,175,16,74
1430,7152,12,0,13,2,0,10
1431,10033,2,3,10,11,2,10
1432,9349,693,21,118,110,147,42
1433,274,9,3,15,2,3,2
1434,3388,129,26,67,3,67,2
1435,922,16,2,11,3,0,16
1436,8588,201,2,43,3,5,35
1437,2518,5,4,5,4,2,10
1438,574,14,36,11,3,26,35
1439,3220,29,12,59,19,1,36
1440,5967,26,2,19,10,5,8
1441,1183,9,1,4,3,2,3
1442,6856,14,0,23,4,5,19
1443,4530,972,19,595,180,26,138
1444,1553,966,168,672,246,105,126
1445,4682,99,27,102,28,48,6
1446,8204,482,35,553,72,160,17
1447,5221,714,8,99,11,0,47
1448,1232,587,54,348,71,54,130
1449,1927,399,27,159,58,8,39
1450,5788,56,10,92,19,7,25
1451,6652,227,151,573,98,54,31
1452,6246,703,102,601,0,58,43
1453,5975,37,0,17,0,0,3
1454,6875,167,13,180,86,13,70
1455,4399,458,81,356,106,50,40
1456,4042,91,3,52,2,1,31
1457,2157,15,8,16,11,5,22
1458,10133,1302,68,731,89,114,45
1459,2525,153,64,123,116,64,14
1460,8233,508,5,21,7,5,10
1461,9483,290,59,177,77,5,29
1462,2945,38,0,2,0,0,6
1463,10403,2,13,6,7,5,11
1464,5074,30,0,10,2,0,5
1465,10524,386,23,95,54,41,196
1466,4690,443,10,75,0,10,48
1467,7521,901,31,345,75,31,191
1468,7196,9,0,3,0,0,1
1469,4406,846,84,352,91,56,42
1470,9672,8,3,9,19,4,22
1471,4864,72,7,58,13,1,24
1472,4706,29,0,5,0,1,5
1473,4070,169,24,553,188,0,144
1474,25,460,35,422,33,12,153
1475,3697,69,8,26,12,7,12
1476,217,556,14,717,210,0,43
1477,4220,73,0,13,0,1,0
1478,5286,112,1,54,7,7,36
1479,9559,944,0,60,0,0,30
1480,2849,265,199,303,234,9,170
1481,7787,526,28,135,10,21,99
1482,3102,2,3,12,3,5,7
1483,5868,2,4,9,10,5,16
1484,8370,378,97,259,197,194,34
1485,9988,553,25,142,65,67,8
1486,2939,751,127,687,20,15,31
1487,5529,406,0,30,0,0,8
1488,9743,1449,89,161,69,35,107
1489,5763,123,17,171,39,0,30
1490,3478,267,42,309,55,42,21
1491,7494,209,0,40,3,2,15
1492,1763,1259,172,815,97,148,33
1493,7250,344,35,178,15,23,17
1494,2005,22,3,30,0,5,15
1495,10770,247,161,295,210,85,47
1496,6885,38,0,12,3,1,1
1497,2072,896,10,101,13,10,34
1498,9463,931,56,253,91,98,14
1499,6318,758,12,385,33,89,89
1500,4093,216,9,57,20,9,125
1501,5751,2,3,10,11,2,10
1502,3340,244,15,108,4,15,50
1503,3594,539,6,91,8,6,97
1504,3584,1181,26,120,17,13,39
1505,3643,750,8,125,11,8,26
1506,851,306,5,109,21,109,92
1507,7706,350,104,189,197,151,57
1508,3967,331,197,170,58,152,35
1509,10128,620,16,165,0,24,82
1510,486,434,137,400,45,137,45
1511,9,57,0,27,0,0,36
1512,9451,811,76,428,99,137,107
1513,9264,423,42,706,73,197,197
1514,3865,2,12,10,6,13,30
1515,2853,60,51,87,6,20,51
1516,1490,675,0,85,10,7,77
1517,6310,30,8,12,8,8,12
1518,10380,40,1,40,4,3,18
1519,3887,3,17,26,20,1,39
1520,4278,910,111,724,49,74,55
1521,8643,252,98,827,219,70,196
1522,1998,34,6,21,11,4,8
1523,10795,19,3,19,3,1,3
1524,11110,2,1,1,0,0,1
1525,2408,490,0,184,10,28,21
1526,202,332,194,377,149,125,57
1527,7998,53,8,17,13,0,21
1528,830,784,48,560,42,176,48
1529,3536,7,11,3,10,4,20
1530,6050,1171,43,219,19,14,47
1531,125,215,7,33,3,0,13
1532,3463,674,62,134,0,26,8
1533,2804,57,0,27,0,0,36
1534,3745,5,36,7,0,10,45
1535,9771,104,20,101,24,15,5
1536,451,9,0,7,2,0,4
1537,10530,431,82,441,80,20,102
1538,1079,1000,0,76,0,0,10
1539,8920,448,40,469,80,0,91
1540,6678,33,4,24,4,2,5
1541,3852,505,72,270,36,27,54
1542,528,267,38,701,149,165,63
1543,73,14,0,3,0,0,1
1544,5589,631,0,115,10,7,30
1545,10212,65,4,16,0,4,11
1546,6365,10,12,12,25,1,20
1547,5636,51,4,50,12,1,49
1548,591,293,35,179,46,59,65
1549,2217,11,1,2,2,1,6
1550,2544,50,1,27,6,7,1
1551,7725,173,26,255,35,71,81
1552,8091,423,184,368,13,97,21
1553,7321,292,30,415,63,33,200
1554,5462,757,80,217,29,80,11
1555,7791,12,1,6,0,1,5
1556,955,167,2,44,6,2,19
1557,4037,3,1,3,8,0,5
1558,6642,30,5,22,8,9,28
1559,2793,532,88,168,69,44,133
1560,5424,29,12,59,19,1,36
1561,879,411,0,26,0,0,21
1562,9530,5,3,4,4,1,0
1563,4828,71,99,278,185,121,38
1564,10699,46,0,40,3,0,3
1565,1497,268,11,88,15,3,22
1566,7476,928,63,254,0,12,12
1567,4390,459,15,171,142,23,31
1568,10478,483,0,108,0,6,36
1569,1081,733,9,180,12,19,66
1570,4261,1006,22,115,59,68,45
1571,9916,34,1,14,0,0,5
1572,5350,1156,120,915,94,144,96
1573,8135,7,4,23,7,0,11
1574,8685,244,15,108,4,15,50
1575,4967,233,0,23,0,0,12
1576,2130,35,3,67,10,8,24
1577,9298,1252,0,465,46,35,0
1578,8175,34,4,66,3,10,20
1579,6257,255,43,134,37,14,24
1580,3790,8,1,5,0,0,1
1581,9952,368,32,639,13,43,10
1582,3503,255,47,573,52,32,15
1583,5223,33,8,10,2,10,3
1584,4608,163,23,424,27,65,76
1585,1626,15,0,8,4,2,20
1586,4764,45,12,52,25,22,13
1587,2471,48,58,68,16,66,43
1588,5892,158,6,45,8,2,2
1589,2612,754,160,625,63,32,48
1590,4971,108,1,28,13,1,4
1591,5185,199,66,315,97,174,41
1592,10069,2,7,5,2,15,27
1593,2262,202,5,74,11,5,14
1594,1131,85,0,3,0,0,7
1595,1041,322,3,50,4,3,42
1596,24,18,2,19,0,2,6
1597,3409,141,8,129,3,11,47
1598,7022,739,107,309,140,80,35
1599,7943,18,0,6,3,3,5
1600,5272,378,0,88,19,4,73
1601,5453,1083,108,649,253,151,108
1602,2565,1016,12,215,16,12,63
1603,800,23,1,6,0,0,2
1604,11092,12,1,21,2,2,3
1605,5062,35,0,4,0,0,0
1606,8969,548,31,422,0,112,28
1607,4656,342,32,230,34,32,40
1608,4480,365,3,15,4,3,11
1609,9971,397,19,69,12,0,9
1610,6729,456,19,832,75,118,38
1611,1773,5,6,15,11,7,13
1612,9242,836,185,575,24,25,77
1613,1764,100,2,128,23,7,10
1614,6215,10,0,10,3,1,7
1615,10099,238,115,215,169,69,76
1616,5423,6,0,5,2,1,2
1617,940,158,11,99,15,11,17
1618,3011,86,12,75,33,15,6
1619,3298,856,0,76,12,9,199
1620,8286,98,1,17,0,1,5
1621,9668,4,16,20,0,17,20
1622,5120,398,96,447,220,96,32
1623,6097,313,8,104,6,4,126
1624,7019,109,18,16,24,26,18
1625,7408,216,2,6,0,0,9
1626,8041,595,71,153,120,112,41
1627,252,123,133,142,71,44,88
1628,9986,16,0,23,3,2,10
1629,3276,11,12,35,3,5,12
1630,3859,410,112,420,0,82,71
1631,3570,159,2,51,6,2,24
1632,3783,105,0,10,0,1,0
1633,10207,5,1,8,0,0,1
1634,10906,269,15,69,15,19,38
1635,3427,629,0,70,0,0,35
1636,5209,443,5,71,21,16,82
1637,10711,217,77,373,111,23,93
1638,10785,24,1,10,2,0,4
1639,2814,9,1,5,4,5,7
1640,6866,8,0,14,2,3,7
1641,1665,1459,0,61,0,15,215
1642,6575,230,48,214,13,32,75
1643,3829,1,3,6,10,0,9
1644,3091,340,21,134,258,14,56
1645,10141,7,1,6,0,3,3
1646,5177,298,7,68,4,0,19
1647,7005,479,35,179,28,7,85
1648,6409,267,140,599,34,12,127
1649,7485,67,4,32,17,2,16
1650,8079,3,1,8,23,2,18
1651,8395,980,37,265,35,163,31
1652,10352,50,4,28,6,3,26
1653,4931,1,0,1725,2,1,1
1654,13,19,0,5,0,0,8
1655,1834,30,5,23,4,1,4
1656,2285,213,9,76,4,3,30
1657,2295,539,30,92,80,46,38
1658,1378,284,16,160,84,16,134
1659,2781,1003,34,536,134,51,34
1660,1165,239,13,143,45,4,52
1661,1404,51,23,82,33,0,42
1662,6457,527,24,230,32,24,65
1663,2639,19,5,12,10,3,19
1664,8299,40,2,15,8,0,6
1665,6437,21,8,20,15,3,9
1666,6912,593,30,91,29,22,7
1667,7327,21,5,3,10,1,7
1668,5299,1181,107,199,39,30,30
1669,4127,1004,59,265,115,59,27
1670,8143,202,2,46,3,2,10
1671,1964,446,107,768,33,196,53
1672,3690,1184,102,673,52,40,40
1673,3433,390,22,323,104,35,107
1674,3389,726,53,363,123,107,161
1675,4712,8,8,22,24,11,9
1676,1170,50,15,110,39,15,15
1677,6347,1,1,4,11,9,10
1678,4065,308,0,73,0,0,23
1679,8230,22,2,31,7,4,5
1680,1215,690,117,499,76,102,88
1681,5939,43,5,28,7,6,33
1682,2156,27,0,10,0,0,4
1683,7788,6,0,3,0,0,1
1684,10323,205,7,41,3,2,46
1685,7947,24,0,8,0,1,4
1686,1891,667,50,850,21,83,83
1687,2570,691,7,61,10,0,46
1688,9256,493,26,206,116,80,80
1689,295,493,70,324,146,40,84
1690,7397,494,5,82,7,0,100
1691,6349,621,73,414,78,48,85
1692,10790,9,0,5,0,0,7
1693,10398,1,6,2,8,2,12
1694,2431,12,4,19,12,6,14
1695,550,243,131,217,85,6,26
1696,1890,11,1,4,2,0,7
1697,10742,532,21,127,26,20,20
1698,10356,29,0,2,0,0,1
1699,4676,612,91,520,258,107,107
1700,8852,387,126,342,0,45,180
1701,3565,56,0,14,0,0,2
1702,5294,6,8,19,16,4,4
1703,1958,582,0,65,0,0,13
1704,7349,6,17,16,6,16,42
1705,8799,70,6,69,2,3,3
1706,1351,962,12,194,16,24,12
1707,1045,112,10,107,30,0,20
1708,7732,293,0,124,179,97,52
1709,8070,199,12,31,3,12,7
1710,477,1060,61,835,80,20,101
1711,7832,940,44,396,0,88,58
1712,2202,44,2,11,2,3,7
1713,7396,342,51,936,207,35,26
1714,4055,2,10,11,12,9,20
1715,10340,75,12,141,43,39,187
1716,10091,520,20,367,39,81,40
1717,7629,5,3,9,6,2,6
1718,10640,87,5,71,7,12,29
1719,3498,462,61,184,10,53,107
1720,6742,2,2,1,3,1,2
1721,1172,979,44,935,29,25,22
1722,569,704,129,853,120,74,111
1723,4686,861,31,558,62,95,79
1724,1381,172,3,115,16,0,18
1725,2634,5,7,31,15,4,7
1726,10905,194,2,56,0,0,0
1727,1744,9,7,13,3,2,20
1728,1000,505,72,270,36,27,54
1729,3828,533,10,217,198,174,195
1730,8605,48,0,14,0,0,6
1731,10304,6,1,7,23,4,19
1732,4351,18,2,10,0,0,25
1733,10129,482,147,509,104,107,107
1734,2499,204,97,97,21,118,26
1735,10092,1073,0,250,153,14,14
1736,7500,245,16,223,21,43,16
1737,5796,560,21,442,29,44,29
1738,10556,173,13,131,32,3,6
1739,1064,22,1,11,0,5,3
1740,48,136,1,12,0,3,32
1741,7610,275,0,86,10,23,66
1742,263,56,19,29,2,14,25
1743,10814,303,23,751,82,26,191
1744,9710,708,7,62,0,0,15
1745,9292,324,132,693,27,118,88
1746,10250,1,5,3,7,4,8
1747,7881,620,26,195,34,17,141
1748,5847,312,21,206,102,92,149
1749,737,1493,86,454,112,43,43
1750,3571,918,21,118,13,10,21
1751,7807,98,0,106,49,10,106
1752,3878,3,4,7,15,8,11
1753,5092,380,0,47,6,0,34
1754,2154,15,0,12,7,3,7
1755,5394,3,9,4,7,8,7
1756,3798,24,2,23,0,8,24
1757,3524,80,1,60,4,6,16
1758,5247,31,0,6,2,1,5
1759,5883,138,120,204,16,126,60
1760,2118,166,75,96,119,107,59
1761,8812,12,3,8,8,0,17
1762,6616,178,3,85,71,66,58
1763,2797,707,20,171,65,60,50
1764,4328,5,1,7,17,14,11
1765,9167,465,71,250,93,35,62
1766,10560,16,1,2,0,0,1
1767,2631,358,108,413,141,97,32
1768,8312,1,9,7,2,14,10
1769,5534,123,1,26,2,0,72
1770,5093,40,3,30,10,7,11
1771,7592,102,9,63,2,9,24
1772,8895,347,44,534,17,0,26
1773,8584,376,53,462,168,53,53
1774,2694,21,0,3,0,0,0
1775,8910,194,2,56,0,0,0
1776,7433,64,4,68,7,5,17
1777,164,206,0,46,3,2,12
1778,10477,71,0,18,0,0,13
1779,2681,71,22,112,138,89,29
1780,5150,0,4,7,11,10,15
1781,5283,93,1,21,0,4,25
1782,9645,920,138,168,36,46,30
1783,10678,653,17,170,34,26,17
1784,7261,199,33,60,8,3,15
1785,9648,153,4,56,0,9,31
1786,2870,376,0,38,11,8,69
1787,8008,46,0,30,12,1,30
1788,1513,600,21,128,223,150,128
1789,6173,425,115,292,23,35,79
1790,1419,18,6,15,12,8,17
1791,9150,52,0,9,0,0,1
1792,7960,734,22,350,151,25,100
1793,1250,34,6,21,11,4,8
1794,9905,135,1,41,10,1,67
1795,10691,11,0,10,0,2,20
1796,7002,163,48,90,0,45,52
1797,2952,29,3,30,3,2,9
1798,8439,734,26,70,11,44,17
1799,762,340,21,134,258,14,56
1800,2831,453,38,279,188,38,183
1801,6977,1073,0,629,145,37,37
1802,6289,135,0,10,0,4,36
1803,4168,231,7,137,4,15,39
1804,8397,18,0,5,0,0,11
1805,9284,620,16,165,0,24,82
1806,6237,81,4,33,5,2,291
1807,3130,12,4,2,10,6,10
1808,1619,292,51,981,224,23,17
1809,1990,965,34,586,89,86,37
1810,5513,27,2,10,0,0,1
1811,269,777,30,163,0,51,122
1812,8093,572,8,232,23,62,17
1813,10513,438,169,565,91,169,70
1814,10177,531,69,300,150,138,150
1815,2549,17,0,9,0,0,1
1816,5782,402,35,106,101,77,42
1817,10057,503,27,419,90,139,153
1818,10307,369,9,87,12,14,34
1819,8566,5,0,3,0,0,1
1820,2415,362,17,398,80,35,61
1821,5684,56,0,9,0,0,3
1822,8334,79,1,31,4,4,12
1823,9166,387,84,141,73,35,162
1824,1440,367,17,241,104,188,232
1825,78,15,0,11,0,2,9
1826,5441,267,6,54,8,3,50
1827,5302,298,27,697,216,24,166
1828,4687,674,92,736,39,0,92
1829,1087,16,14,36,37,22,48
1830,6859,37,4,24,16,9,9
1831,9860,159,0,22,2,1,31
1832,7129,686,17,142,23,26,35
1833,5866,97,3,66,12,7,34
1834,10521,63,6,57,13,13,22
1835,7393,56,5,24,4,0,3
1836,7849,209,19,456,160,142,66
1837,332,198,2,43,0,12,20
1838,9847,313,15,47,20,0,192
1839,531,941,14,397,76,58,176
1840,9576,86,4,56,2,4,7
1841,6906,167,48,602,63,72,72
1842,7419,8,3,19,0,2,3
1843,3170,389,66,408,37,57,85
1844,8527,239,7,119,4,15,11
1845,7872,179,21,273,0,21,63
1846,9931,5,0,1,1,1,1
1847,10595,2,6,28,13,4,16
1848,4609,383,0,53,6,4,40
1849,5010,2,8,8,6,1,9
1850,4427,536,27,590,38,107,67
1851,11148,2,1,4,3,1,2
1852,1168,322,53,899,34,40,53
1853,9595,539,169,816,20,0,30
1854,10163,712,50,420,65,38,38
1855,2886,1121,0,72,0,12,12
1856,6710,68,1,13,3,5,13
1857,5316,36,4,18,6,2,18
1858,9029,707,44,603,95,58,29
1859,521,174,77,203,6,24,97
1860,1459,666,35,124,69,8,26
1861,10241,0,0,0,6,2,6
1862,1630,162,50,100,55,30,27
1863,3254,407,70,239,103,88,53
1864,9064,823,25,459,124,29,95
1865,3678,488,23,71,15,0,59
1866,4227,28,0,13,4,2,8
1867,9467,3,2,10,3,0,2
1868,8486,284,0,52,8,3,20
1869,2186,938,142,754,159,81,183
1870,3286,13,2,15,2,2,8
1871,8602,412,172,153,150,105,57
1872,3722,31,1,8,0,0,8
1873,6715,502,19,132,0,6,26
1874,4796,18,10,3,3,5,0
1875,9612,1,8,6,4,8,16
1876,3766,100,71,243,108,94,219
1877,1399,407,114,445,181,165,203
1878,1570,664,9,240,50,19,57
1879,3426,1045,61,338,60,46,46
1880,3074,1218,107,304,23,143,33
1881,8341,15,0,6,0,1,12
1882,5180,128,0,16,0,1,4
1883,6461,581,49,157,43,8,108
1884,7679,6,3,12,6,1,0
1885,10702,185,8,133,56,56,12
1886,7505,22,1,9,0,0,14
1887,5113,584,100,835,65,83,35
1888,10858,355,30,177,90,138,30
1889,2961,175,10,110,54,6,27
1890,2747,864,134,768,150,38,172
1891,3010,957,153,612,99,95,153
1892,5790,25,6,16,20,0,5
1893,6892,641,7,56,0,0,28
1894,1743,273,86,208,177,14,43
1895,3578,122,21,43,25,10,15
1896,8462,1,4,10,29,0,36
1897,5558,1020,31,430,62,63,79
1898,4619,6,2,3,1,262,3
1899,8780,378,14,68,19,14,14
1900,10789,42,1,18,3,0,4
1901,10779,15,5,14,0,4,11
1902,5896,272,7,80,20,7,11
1903,2337,9,1,24,2,1,2
1904,10951,279,0,18,0,0,9
1905,544,398,61,265,138,61,53
1906,17,637,47,237,12,19,76
1907,10680,45,0,16,2,1,6
1908,3265,21,1,9,7,3,5
1909,5623,15,4,13,0,0,19
1910,5832,493,183,352,184,23,28
1911,5544,957,40,175,158,53,107
1912,6417,829,138,430,60,92,15
1913,5831,1017,50,500,65,50,133
1914,7101,953,0,71,0,0,174
1915,10176,159,0,120,0,0,137
1916,2326,32,0,8,23,4,18
1917,4385,23,0,15,0,2,7
1918,2929,18,42,24,15,20,18
1919,10686,15,0,4,0,0,2
1920,2546,23,4,5,10,5,23
1921,3283,200,193,100,46,185,185
1922,3138,1324,27,119,71,108,27
1923,4994,1193,33,281,129,66,33
1924,7966,505,137,401,104,22,22
1925,3112,2,4,9,0,4,5
1926,10872,1103,0,45,0,0,34
1927,2181,353,61,753,40,46,27
1928,1867,652,48,350,94,84,108
1929,1518,379,6,157,25,91,91
1930,5734,46,4,36,2,2,1
1931,2878,162,31,127,8,17,69
1932,1458,8,3,19,3,3,8
1933,7007,17,3,18,3,4,18
1934,6200,340,108,185,130,38,100
1935,1403,8,4,15,3,5,3
1936,4827,154,22,202,39,30,8
1937,6250,710,15,30,20,0,0
1938,9291,8,2,4,0,0,1
1939,2478,2,2,4,13,13,4
1940,1139,1050,14,322,0,14,112
1941,5138,19,1,14,3,2,4
1942,5393,22,0,6,6,2,6
1943,10413,274,83,216,151,141,224
1944,5015,68,6,38,3,6,41
1945,10868,344,45,654,104,11,114
1946,10676,145,193,459,205,26,145
1947,2495,217,38,350,111,85,15
1948,7842,18,7,34,10,2,3
1949,9955,69,8,26,12,7,12
1950,6663,144,0,7,0,0,6
1951,2162,256,34,103,90,29,49
1952,3434,483,72,567,94,12,108
1953,7919,1285,105,653,28,21,0
1954,5626,338,4,89,11,8,13
1955,6428,605,10,345,84,54,32
1956,8514,8,0,7,3,1,1
1957,10448,172,41,86,45,6,27
1958,2109,448,71,951,40,17,17
1959,7530,67,4,32,17,2,16
1960,8925,512,53,98,81,179,89
1961,3009,1462,16,128,0,0,160
1962,6355,20,0,14,7,3,1
1963,3517,50,4,44,10,10,43
1964,1158,102,1,15,2,0,24
1965,6203,499,149,815,173,49,49
1966,7165,381,35,172,56,86,93
1967,3595,631,43,239,128,76,21
1968,8537,526,80,553,123,94,53
1969,4331,913,26,376,17,26,13
1970,6281,673,0,199,37,47,26
1971,4338,23,0,9,0,0,12
1972,2452,199,33,60,8,3,15
1973,9507,261,23,73,4,23,50
1974,8360,111,16,37,7,9,18
1975,10311,16,4,12,2,4,321
1976,5117,63,151,137,153,19,53
1977,4867,58,0,18,2,0,10
1978,9289,29,1,17,0,3,13
1979,10913,3,2,12,0,1,9
1980,3032,28,34,62,11,14,44
1981,8524,40,3,30,10,7,11
1982,3334,879,143,797,106,143,143
1983,4470,62,1,44,6,5,22
1984,1406,280,7,81,20,0,27
1985,8619,9,0,6,3,1,3
1986,10821,182,4,33,0,2,42
1987,4552,83,2,101,64,26,117
1988,898,38,15,54,3,8,29
1989,9797,228,19,130,4,11,51
1990,10949,1092,37,592,145,37,55
1991,8212,85,15,27,13,13,21
1992,6248,1276,24,746,94,29,48
1993,10164,1017,33,417,108,100,16
1994,4547,6,2,9,2,1,5
1995,6815,448,21,125,52,101,62
1996,4122,504,23,117,179,28,44
1997,10841,226,22,133,41,31,31
1998,5370,239,3,141,0,7,23
1999,176,90,38,67,33,36,67
2000,4860,7,2,8,3,2,3
2001,10757,4,2,5,2,0,0
2002,4023,16,17,19,20,21,22
2003,6679,10,3,3,0,0,0
2004,9923,68,0,16,0,0,8
2005,7181,35,0,13,2,0,2
2006,3599,575,80,428,208,93,80
2007,405,315,0,31,4,0,91
2008,6870,182,2,49,17,13,20
2009,832,561,14,113,10,14,35
2010,2002,587,51,932,180,34,86
2011,3657,94,1,33,13,12,12
2012,500,908,43,735,40,194,21
2013,1951,228,122,122,208,129,30
2014,3262,995,112,417,42,48,41
2015,4102,11,1,2,2,1,6
2016,7042,3,3,14,15,21,10
2017,10598,12,1,16,4,1,3
2018,255,17,0,2,0,0,2
2019,2375,8,0,5,0,3,6
2020,9829,22,4,17,12,10,13
2021,6214,14,10,29,4,7,15
2022,4954,106,27,68,52,7,5
2023,7861,820,57,242,45,0,11
2024,4837,753,43,226,69,10,204
2025,9423,13,3,17,7,3,3
2026,4198,9,1,3,0,4,8
2027,153,19,3,6,4,2,12
2028,9323,520,8,223,32,49,42
2029,10001,5,17,17,13,14,34
2030,3945,618,44,215,0,17,36
2031,3799,315,35,322,46,7,143
2032,8625,15,1,23,0,5,1
2033,3491,384,60,364,119,101,232
2034,983,110,29,92,28,10,145
2035,9119,208,17,76,36,17,38
2036,4786,555,82,257,93,61,61
2037,5872,240,90,216,63,6,24
2038,6568,11,0,36,15,5,12
2039,5628,848,154,323,201,61,78
2040,5631,202,47,197,55,42,149
2041,4974,433,89,650,16,102,102
2042,8416,6,6,15,10,5,2
2043,5454,37,0,7,3,0,3
2044,4095,167,37,64,49,34,116
2045,5474,45,7,99,4,25,43
2046,4268,129,0,21,0,1,7
2047,10701,713,0,264,120,80,34
2048,3507,676,161,426,210,44,58
2049,2079,450,26,535,73,98,26
2050,626,22,2,12,0,2,5
2051,4426,367,4,51,6,4,95
2052,2591,526,35,214,69,53,35
2053,10509,51,0,16,0,0,4
2054,6382,25,0,11,3,0,15
2055,6673,28,6,27,12,17,39
2056,7441,958,159,447,20,0,31
2057,1071,532,88,168,69,44,133
2058,10061,724,17,143,0,8,196
2059,7187,375,42,48,94,66,96
2060,8775,39,0,56,20,8,14
2061,1612,23,0,15,0,2,7
2062,2345,587,54,348,71,54,130
2063,322,29,1,11,0,0,0
2064,10897,757,80,217,29,80,11
2065,123,544,35,133,23,151,107
2066,6103,40,15,15,17,6,7
2067,7899,1245,33,332,21,33,16
2068,10500,19,1,20,16,14,28
2069,1655,16,3,15,2,1,11
2070,2406,376,4,94,12,9,24
2071,2712,184,178,178,103,39,33
2072,5517,15,0,11,0,2,9
2073,10643,124,83,267,85,59,35
2074,2254,627,120,414,121,80,93
2075,10281,180,60,241,13,54,54
2076,6958,14,0,4,0,0,8
2077,954,3,3,24,34,7,31
2078,5079,71,1,16,0,0,9
2079,10339,161,0,22,0,0,24
2080,4643,8,26,46,38,9,49
2081,3117,264,0,21,12,6,147
2082,6497,293,6,23,13,6,92
2083,5396,758,12,385,33,89,89
2084,5250,532,126,490,164,126,126
2085,1052,656,38,161,62,47,37
2086,2802,196,25,607,67,17,49
2087,6343,835,73,380,114,73,43
2088,6507,16,11,15,2,0,12
2089,7901,9,1,5,2,1,4
2090,4865,229,7,140,10,3,11
2091,2686,0,1,4,15,1,5
2092,3107,121,24,124,24,15,42
2093,7734,471,102,125,212,61,245
2094,1146,520,8,223,32,49,42
2095,11031,26,1,10,2,0,1
2096,7428,240,132,445,250,192,108
2097,975,178,4,26,8,4,44
2098,1103,1486,55,278,49,0,185
2099,3422,1115,12,128,33,12,76
2100,1055,29,0,8,2,0,6
2101,6544,529,0,356,63,28,0
2102,1241,13,3,8,7,4,16
2103,2909,934,24,230,16,24,36
2104,5802,2,7,11,16,12,27
2105,1407,4,12,5,3,16,17
2106,6183,62,1,44,6,5,22
2107,340,158,35,179,0,0,125
2108,5991,173,2,39,3,2,47
2109,3104,830,59,968,51,79,19
2110,9729,189,10,253,56,43,64
2111,1008,728,17,133,11,8,124
2112,11091,7,2,9,2,0,2
2113,3969,35,4,17,7,6,64
2114,1916,188,3,180,20,3,43
2115,9907,742,28,152,25,9,57
2116,87,0,7,5,26,2,17
2117,8659,750,71,174,13,10,20
2118,6262,816,42,450,55,56,154
2119,6147,5,2,8,2,2,9
2120,8832,37,5,56,12,8,5
2121,10067,4,0,4,0,0,5
2122,7532,99,2,11,4,0,16
2123,4915,176,72,98,136,21,229
2124,2115,54,0,10,0,0,2
2125,2088,997,15,414,99,30,76
2126,2493,356,0,107,19,9,117
2127,6292,1311,0,359,46,89,17
2128,1631,890,63,292,0,25,12
2129,10104,4,0,2,0,0,2
2130,3006,17,0,14,7,3,2
2131,3919,960,0,883,50,38,0
2132,11181,2,1,2,1,1,1
2133,642,1,3,2,20,30,47
2134,4369,240,67,500,199,0,163
2135,10127,301,11,61,4,7,11
2136,271,154,0,50,6,11,37
2137,4973,2,3,6,4,1,9
2138,2948,104,12,48,4,12,5
2139,2715,70,3,37,4,2,64
2140,10432,2,0,9,3,6,2
2141,9216,23,2,11,3,1,4
2142,7124,43,4,12,8,0,27
2143,9727,4,24,11,16,1,25
2144,5136,654,7,92,0,15,30
2145,9790,912,72,170,47,36,97
2146,1818,25,0,8,0,1,4
2147,1100,24,4,22,0,2,9
2148,7873,141,11,114,15,14,5
2149,10609,71,0,13,3,1,0
2150,6950,35,1,16,0,1,1
2151,7233,496,32,849,229,48,128
2152,9481,9,9,11,13,10,16
2153,7699,154,0,50,6,11,37
2154,2711,9,1,5,4,5,7
2155,8933,26,3,23,4,7,3
2156,8726,77,8,44,10,10,25
2157,1515,11,2,7,4,2,2
2158,5186,576,7,115,19,7,7
2159,10157,89,15,89,34,42,5
2160,5667,1013,30,399,60,46,153
2161,902,224,12,48,4,12,12
2162,977,200,19,111,50,15,19
2163,7313,570,73,614,133,102,73
2164,7600,1,3,3,8,1,13
2165,9706,62,1,20,4,0,7
2166,2429,531,69,300,150,138,150
2167,3520,162,28,818,0,28,56
2168,10394,675,144,133,94,192,241
2169,4548,23,4,10,0,2,15
2170,9362,492,5,32,13,5,21
2171,3968,918,10,129,13,0,129
2172,4084,224,155,155,192,93,54
2173,6721,572,19,286,50,38,248
2174,2829,626,0,70,0,7,28
2175,1772,1074,37,518,193,92,129
2176,1544,741,68,689,224,68,103
2177,492,322,3,50,4,3,42
2178,4377,254,10,44,30,10,227
2179,4541,116,6,82,6,6,41
2180,1321,22,2,18,0,2,12
2181,8858,516,0,21,0,0,5
2182,3266,14,36,11,3,26,35
2183,11187,2,8,10,12,14,23
2184,8207,28,0,9,3,0,0
2185,9723,530,142,217,62,9,56
2186,2666,519,50,167,130,0,41
2187,5721,611,76,749,59,45,26
2188,10652,240,67,500,199,0,163
2189,1646,4,9,12,11,2,8
2190,4418,671,47,655,145,111,15
2191,2656,23,1,7,0,4,24
2192,7990,9,1,2,3,2,0
2193,8722,556,54,845,202,133,63
2194,7118,833,80,363,52,26,174
2195,2980,12,0,13,4,2,4
2196,1839,56,7,48,10,2,18
2197,10722,293,8,124,11,4,106
2198,2632,297,0,38,13,0,152
2199,9014,39,1,16,2,0,3
2200,7620,5,11,16,21,8,45
2201,10968,266,21,300,65,8,44
2202,11133,322,3,50,4,3,42
2203,2736,366,124,156,71,78,54
2204,1876,32,0,8,23,4,18
2205,5959,158,0,23,0,0,18
2206,1092,269,129,495,182,43,29
2207,4333,41,0,10,0,0,3
2208,3850,3,3,3,15,4,15
2209,6168,33,0,5,0,0,15
2210,607,302,29,131,32,0,27
2211,10469,519,71,860,93,27,53
2212,6983,23,2,17,2,1,0
2213,3661,594,51,631,72,55,32
2214,9303,12,4,7,1,3,5
2215,692,4,2,5,0,0,5
2216,736,18,3,19,3,3,6
2217,9589,332,194,377,149,125,57
2218,4838,5,1,8,0,0,1
2219,9246,171,3,129,26,24,62
2220,6261,270,31,88,11,48,22
2221,7366,712,26,538,69,13,80
2222,10659,2,8,11,3,8,21
2223,1448,21,12,12,0,3,3
2224,4286,580,6,58,8,0,27
2225,4749,368,24,68,38,0,88
2226,4478,457,5,106,15,17,53
2227,4201,229,7,137,4,0,91
2228,8720,32,2,1607,12,4,22
2229,10084,3,2,8,20,0,17
2230,7004,24,3,26,7,1,23
2231,9817,853,10,143,13,10,20
2232,8080,5,1,6,3,4,3
2233,9432,9,14,18,8,1,12
2234,8372,3,3,7,6,2,9
2235,10870,709,43,182,42,118,247
2236,4001,406,0,30,0,0,8
2237,7270,908,48,217,32,12,24
2238,8235,428,30,214,80,30,61
2239,9405,84,3,61,2,1,21
