,id,acceptedcmp1,acceptedcmp2,acceptedcmp3,acceptedcmp4,acceptedcmp5
0,5524,0,0,0,0,0
1,2174,0,0,0,0,0
2,4141,0,0,0,0,0
3,6182,0,0,0,0,0
4,5324,0,0,0,0,0
5,7446,0,0,0,0,0
6,965,0,0,0,0,0
7,6177,0,0,0,0,0
8,4855,0,0,0,0,0
9,5899,0,0,1,0,0
10,1994,0,0,0,0,0
11,387,0,0,0,0,0
12,2125,0,0,0,0,0
13,8180,0,0,0,0,0
14,2569,0,0,0,0,0
15,2114,1,0,0,0,1
16,9736,0,0,0,0,0
17,4939,0,0,0,0,0
18,6565,1,0,0,0,0
19,2278,0,0,0,0,0
20,9360,0,0,0,0,0
21,5376,0,0,0,0,0
22,1993,0,0,0,1,0
23,4047,0,0,0,0,0
24,1409,0,0,0,0,0
25,7892,0,0,0,0,0
26,2404,0,0,0,0,0
27,5255,0,0,0,0,0
28,9422,0,0,0,0,0
29,1966,0,0,0,0,1
30,6864,0,0,0,0,0
31,3033,0,0,0,0,0
32,5710,0,0,0,1,0
33,7373,0,0,0,0,0
34,8755,0,0,0,0,0
35,10738,0,0,0,0,0
36,4339,0,0,0,0,0
37,10755,0,0,0,0,0
38,8595,0,0,0,0,0
39,2968,0,0,1,0,0
40,8601,0,0,0,0,0
41,503,0,0,0,0,0
42,8430,0,0,0,0,0
43,7281,0,0,0,0,0
44,2139,0,0,0,0,0
45,1371,0,0,0,0,0
46,9909,0,0,0,0,0
47,7286,0,0,0,0,0
48,7244,0,0,0,0,0
49,6566,0,0,0,0,0
50,8614,0,0,0,0,0
51,4114,0,0,0,0,0
52,1331,0,0,0,0,0
53,2225,1,0,1,0,0
54,9381,0,0,0,0,0
55,6260,0,0,0,0,1
56,10383,0,0,0,0,0
57,7437,0,0,0,0,0
58,8557,0,0,0,0,0
59,8375,0,0,0,0,0
60,6853,0,0,0,1,1
61,3076,0,0,0,0,0
62,1012,0,0,0,0,0
63,6518,0,0,0,0,0
64,4137,0,0,0,0,0
65,8082,0,0,0,0,0
66,1386,0,0,0,0,0
67,9369,1,0,1,0,0
68,4477,0,0,0,0,0
69,1357,0,0,0,0,0
70,1402,0,0,0,0,0
71,10629,0,0,0,0,0
72,6312,0,0,0,0,0
73,8132,0,0,0,1,0
74,1050,0,0,0,0,0
75,5846,0,0,0,0,0
76,1859,0,0,0,0,0
77,7503,0,0,1,0,0
78,10401,0,0,0,0,0
79,1618,0,0,1,0,0
80,3332,0,0,0,0,0
81,2261,0,0,0,0,0
82,5346,0,0,0,0,0
83,4119,0,0,0,0,0
84,535,0,0,0,0,0
85,5268,0,0,0,0,0
86,273,0,0,0,1,0
87,4452,1,0,0,1,0
88,8504,0,0,0,0,1
89,771,0,0,0,0,0
90,8996,0,0,0,0,0
91,9235,0,0,0,0,0
92,5798,0,0,0,0,0
93,11178,0,0,0,0,0
94,2230,0,0,0,0,0
95,7516,0,0,0,0,0
96,7247,0,0,0,1,0
97,11100,0,0,0,0,0
98,4646,1,0,0,0,0
99,3037,0,0,0,0,0
100,1473,0,0,0,0,0
101,1016,0,0,0,0,0
102,4518,0,0,0,0,0
103,9370,0,0,0,0,0
104,8908,0,0,0,0,0
105,8373,0,0,0,0,0
106,7533,0,0,0,0,0
107,2683,0,0,0,0,0
108,3629,0,0,0,0,0
109,10991,0,0,0,0,0
110,5077,0,0,0,0,0
111,7431,0,0,0,1,0
112,3267,0,0,0,1,0
113,999,0,0,0,1,1
114,9215,0,0,0,0,0
115,2286,0,0,0,0,0
116,1592,1,0,0,0,1
117,367,0,0,0,0,0
118,5234,0,0,0,0,0
119,9862,0,0,0,0,0
120,9805,0,0,0,0,0
121,6205,0,0,0,0,0
122,8442,0,0,0,0,0
123,7386,0,0,0,0,0
124,7215,1,0,0,1,1
125,1491,0,0,0,0,0
126,11071,0,0,0,0,0
127,3381,0,0,0,0,0
128,8268,0,0,0,0,0
129,11051,0,0,0,0,0
130,8026,0,0,0,0,0
131,433,0,0,0,0,0
132,9597,0,0,0,0,0
133,1295,0,0,0,0,0
134,5290,0,0,0,0,0
135,1685,0,0,0,1,0
136,5342,0,0,0,0,0
137,9579,0,0,0,0,0
138,7660,0,0,1,0,0
139,1461,0,0,0,0,0
140,821,0,0,0,0,0
141,11084,0,0,0,0,0
142,8690,0,0,0,0,0
143,2937,0,0,0,0,0
144,9701,0,0,0,0,0
145,9949,0,0,0,0,0
146,10837,0,0,0,0,0
147,3120,0,0,0,0,0
148,5885,0,0,0,0,0
149,4050,0,0,0,0,0
150,3830,0,0,0,0,0
151,7987,0,0,0,1,0
152,7798,0,0,0,0,0
153,92,0,0,0,0,0
154,7055,0,0,0,0,0
155,10240,0,0,0,1,1
156,3025,0,0,0,0,0
157,9283,0,0,0,0,0
158,9970,0,0,0,0,0
159,2730,0,0,0,0,0
160,2795,0,0,0,0,0
161,9260,0,0,0,0,0
162,8182,0,0,0,0,0
163,10095,0,0,0,0,0
164,8475,0,0,0,0,0
165,4370,0,0,0,0,0
166,10573,0,0,1,0,0
167,3712,0,0,0,1,0
168,6637,0,0,0,0,0
169,3152,0,0,0,0,0
170,5610,0,0,0,0,0
171,6460,0,0,0,0,0
172,1349,0,0,0,0,0
173,1880,0,0,0,0,0
174,641,0,0,1,0,0
175,8717,0,0,0,0,0
176,10314,1,0,0,1,0
177,10854,0,0,0,0,0
178,10492,0,0,0,0,0
179,6935,1,0,0,0,0
180,7698,0,0,0,0,0
181,3559,0,0,0,0,0
182,10562,0,0,0,0,0
183,10796,0,0,0,0,0
184,2563,0,0,0,0,0
185,3518,0,0,0,0,0
186,5823,0,0,0,0,0
187,3934,0,0,0,0,0
188,6982,0,0,0,0,0
189,6431,0,0,0,0,0
190,9733,0,0,1,0,0
191,5602,0,0,0,0,0
192,7829,0,0,0,0,0
193,1324,0,0,0,0,0
194,326,0,0,0,0,0
195,7224,0,0,0,0,0
196,6999,0,0,0,0,0
197,9938,0,0,0,0,1
198,6422,0,0,0,0,0
199,3182,0,0,1,0,0
200,7300,0,0,0,1,0
201,10424,0,0,0,0,0
202,8727,0,0,0,0,0
203,2798,1,0,0,1,1
204,1030,0,0,0,0,0
205,624,0,0,1,0,0
206,5176,0,0,1,0,0
207,5552,0,0,0,0,0
208,868,0,0,0,0,0
209,380,0,0,1,0,0
210,2677,0,0,0,0,0
211,6521,0,0,0,0,0
212,6927,0,0,0,0,0
213,2877,0,0,0,0,0
214,0,0,0,0,0,0
215,1584,0,0,0,0,0
216,7264,0,0,0,0,0
217,6274,0,0,0,1,1
218,1377,0,0,0,0,0
219,454,0,0,0,0,0
220,1755,0,0,0,0,0
221,2075,0,0,0,0,0
222,4785,0,0,0,0,0
223,9076,0,0,0,0,0
224,7079,0,0,0,0,0
225,4653,0,0,0,0,0
226,7375,0,0,0,0,0
227,709,0,0,0,0,0
228,460,0,0,0,0,0
229,3726,0,0,0,0,0
230,6798,0,0,0,0,0
231,5341,0,0,0,0,1
232,1606,0,0,0,0,0
233,9617,0,0,0,0,0
234,3233,0,0,0,0,0
235,89,0,0,0,0,0
236,2936,0,0,0,0,0
237,9449,0,0,0,0,0
238,7297,0,0,0,0,0
239,11004,0,0,0,0,0
240,313,0,0,0,1,0
241,9940,0,0,0,0,0
242,10735,0,0,0,0,0
243,9529,1,0,0,0,0
244,6439,0,0,0,0,0
245,7411,0,0,0,0,0
246,2176,1,0,0,1,1
247,9265,0,0,0,0,0
248,8867,0,0,0,0,0
249,8932,0,0,0,0,0
250,10236,0,0,0,0,0
251,6340,0,0,0,0,0
252,10089,1,1,0,1,1
253,2227,0,0,0,0,0
254,10992,0,0,0,0,0
255,5304,0,0,0,0,0
256,309,0,0,0,1,0
257,3406,0,0,0,0,0
258,2661,0,0,0,0,0
259,3153,0,0,0,0,0
260,10264,0,0,1,0,0
261,1184,0,0,0,0,0
262,4200,0,0,0,0,0
263,9396,0,0,0,0,0
264,2387,0,0,0,0,0
265,6690,0,0,0,0,0
266,1225,0,0,1,0,0
267,9703,0,0,1,0,0
268,291,0,0,0,0,0
269,4557,0,0,0,0,0
270,2379,0,0,0,0,0
271,5726,0,0,0,0,0
272,3066,0,0,0,0,0
273,6336,0,0,0,0,0
274,10967,0,0,0,0,0
275,2304,0,0,0,0,0
276,3445,0,0,0,0,0
277,7828,0,0,0,0,0
278,3762,1,0,0,0,0
279,4391,0,0,0,0,0
280,4669,0,0,0,0,0
281,10144,0,0,0,0,0
282,8652,0,0,0,0,0
283,1672,0,0,0,0,0
284,8962,0,0,0,0,0
285,9974,0,0,0,0,0
286,10983,0,0,0,0,0
287,8148,0,0,0,0,0
288,10102,0,0,0,0,0
289,4697,0,0,0,0,0
290,9262,0,0,1,0,0
291,7254,0,0,0,0,0
292,4543,0,0,0,0,1
293,4927,0,0,0,0,0
294,10451,0,0,0,0,0
295,2926,0,1,0,1,0
296,2874,0,0,0,0,0
297,9738,0,0,0,0,0
298,7119,0,0,0,0,0
299,3924,0,0,0,1,0
300,5827,0,0,0,0,0
301,5596,0,0,0,0,0
302,10812,0,0,0,0,0
303,1717,0,0,0,0,0
304,9491,0,0,0,0,0
305,9274,1,0,0,0,0
306,6609,0,0,0,0,0
307,6963,0,0,0,0,1
308,4440,0,0,0,1,0
309,1379,0,0,0,0,0
310,10032,0,0,0,0,0
311,2826,0,0,0,0,0
312,2437,1,0,0,1,0
313,6320,0,0,0,0,0
314,3050,0,0,0,0,0
315,231,0,0,0,0,0
316,2392,0,0,0,0,0
317,9478,0,0,0,0,0
318,113,0,0,0,0,0
319,2863,1,0,0,1,0
320,1802,0,0,0,0,0
321,520,0,0,0,0,0
322,8275,0,0,0,0,0
323,9750,0,0,0,0,0
324,2607,0,0,0,0,0
325,7214,0,0,0,0,0
326,5835,0,0,0,0,0
327,3896,0,0,0,0,0
328,10350,0,0,0,0,0
329,7786,0,0,0,0,0
330,2861,0,0,0,0,0
331,663,0,0,0,0,0
332,10675,0,0,0,0,0
333,2521,0,0,1,0,0
334,9592,0,0,0,0,0
335,10151,0,0,0,0,0
336,7381,1,0,0,1,1
337,4099,0,0,0,0,0
338,9560,0,0,0,0,1
339,1150,0,0,0,0,1
340,10172,0,0,0,0,0
341,11191,0,0,0,0,0
342,9707,0,1,0,1,0
343,6245,0,0,0,0,0
344,8234,0,0,1,0,0
345,1411,0,0,0,0,0
346,8553,0,0,0,0,0
347,1826,0,0,0,0,0
348,8842,0,0,0,0,0
349,11030,0,0,1,0,0
350,2579,0,0,0,0,0
351,175,0,0,1,0,1
352,9185,0,0,0,0,0
353,11056,0,0,0,0,0
354,9365,0,0,0,0,0
355,6201,0,0,0,0,0
356,2061,0,0,0,1,0
357,6184,0,0,0,0,0
358,6142,0,0,0,0,0
359,4107,0,0,0,0,0
360,7274,0,0,0,1,0
361,9336,0,0,0,0,0
362,2958,0,0,0,0,0
363,933,0,0,0,0,0
364,5837,0,0,0,0,0
365,10704,0,0,0,0,0
366,5125,0,0,0,0,0
367,4432,0,0,0,0,0
368,5955,0,0,0,0,0
369,2928,0,0,0,0,0
370,5680,0,0,0,0,0
371,10313,0,0,0,0,0
372,2557,0,0,1,0,0
373,1245,0,0,0,1,0
374,1519,0,0,0,0,0
375,10703,0,0,0,0,0
376,1726,0,0,1,0,0
377,4459,0,0,0,0,0
378,1729,0,0,0,0,0
379,1517,0,0,0,0,0
380,2098,0,0,0,0,0
381,9543,0,0,0,0,0
382,6878,0,0,0,0,0
383,3310,0,0,0,0,0
384,2724,0,0,0,0,0
385,948,0,0,0,0,0
386,6720,0,0,0,1,0
387,6202,0,0,0,0,0
388,2066,0,0,0,0,0
389,9799,0,0,0,0,0
390,8318,0,0,0,0,1
391,5642,0,0,0,0,0
392,2669,0,0,0,0,0
393,455,0,0,0,0,0
394,7683,0,0,0,0,0
395,3428,0,0,0,0,0
396,7414,0,0,0,0,0
397,6354,0,0,0,0,0
398,798,0,0,0,0,0
399,8213,0,0,0,0,0
400,2488,0,0,0,0,0
401,9999,0,0,0,0,0
402,7617,0,0,0,0,0
403,615,0,0,0,0,0
404,2552,0,0,0,1,0
405,194,0,0,0,0,0
406,3645,0,0,0,0,0
407,8890,0,0,0,0,0
408,5049,0,0,0,0,0
409,9973,0,0,0,0,0
410,7301,0,0,0,0,0
411,10882,0,0,0,0,0
412,7030,1,0,0,0,0
413,7422,0,0,0,0,0
414,3523,0,0,0,0,0
415,7106,0,0,0,0,0
416,6504,0,0,1,0,0
417,5067,1,1,0,1,1
418,4216,1,0,0,0,1
419,8581,0,0,0,0,0
420,5929,0,0,0,0,0
421,3129,0,0,0,0,0
422,6528,0,0,0,0,0
423,1361,0,0,0,1,1
424,6932,0,0,0,0,1
425,7284,0,0,0,0,0
426,1340,1,0,0,1,1
427,8746,1,0,0,1,0
428,5987,0,0,0,0,0
429,3767,0,0,0,0,0
430,3725,1,1,0,1,1
431,4324,0,0,0,0,0
432,238,0,0,0,0,0
433,6694,0,0,0,0,0
434,498,0,0,0,0,0
435,9347,0,0,0,0,0
436,9699,0,0,0,0,0
437,10664,0,0,0,0,0
438,5455,0,0,0,0,0
439,456,0,0,0,0,0
440,5012,0,0,0,0,0
441,7495,0,0,0,0,0
442,5029,0,0,0,0,0
443,10642,0,0,0,0,0
444,2106,0,0,0,0,0
445,10364,0,0,0,0,0
446,5954,0,0,0,0,0
447,1137,1,0,1,0,0
448,2541,0,0,0,0,0
449,1142,0,0,0,0,0
450,2276,0,0,0,0,0
451,2807,0,0,0,0,0
452,6471,0,0,0,0,0
453,6131,0,0,0,0,0
454,6233,0,0,0,0,0
455,4148,0,0,0,0,0
456,4947,1,0,0,1,0
457,3225,0,0,1,0,0
458,7540,0,0,0,0,0
459,10648,0,0,0,0,0
460,1992,1,0,0,0,0
461,7851,0,0,0,0,0
462,8594,0,0,0,0,0
463,7059,0,0,1,0,0
464,2815,0,0,0,0,0
465,2416,0,0,0,0,0
466,7999,0,0,0,1,1
467,9213,0,0,0,0,0
468,9697,0,0,0,0,0
469,3916,0,0,0,0,0
470,2021,0,0,0,0,0
471,1581,0,0,0,0,0
472,564,0,0,0,1,0
473,6619,0,0,0,0,0
474,9081,0,0,0,0,0
475,178,0,0,0,0,0
476,916,0,0,0,0,0
477,5512,0,0,0,0,0
478,8970,0,0,0,0,0
479,10581,0,0,0,0,0
480,5300,0,0,0,0,0
481,5154,0,0,0,0,0
482,8346,0,0,1,0,0
483,1676,0,0,0,0,0
484,9286,0,0,0,0,0
485,2426,0,0,0,0,0
486,5172,0,0,0,0,0
487,5562,0,0,0,0,0
488,3436,0,0,0,0,0
489,3921,0,0,0,0,0
490,3403,0,0,0,0,0
491,22,0,0,0,0,0
492,10965,1,0,0,0,0
493,9426,0,0,0,0,0
494,6605,0,0,0,1,0
495,3136,0,0,0,0,0
496,8737,0,0,0,0,0
497,11088,0,0,0,0,0
498,716,0,0,0,0,0
499,466,0,0,0,0,0
500,9135,0,0,0,0,0
501,10623,0,0,0,0,0
502,8151,0,0,0,0,0
503,5140,0,0,0,0,0
504,10160,0,0,0,0,0
505,4945,0,0,0,0,0
506,10584,0,0,0,0,0
507,6071,0,0,0,0,0
508,3386,0,0,0,0,0
509,8939,0,0,0,0,0
510,9925,0,0,1,0,0
511,4320,0,0,0,0,0
512,5389,0,0,0,1,0
513,6036,0,0,0,0,1
514,182,0,0,0,0,0
515,203,0,0,0,0,0
516,11025,0,0,0,0,0
517,10203,0,0,0,0,0
518,4607,0,0,0,0,0
519,3711,1,0,0,0,1
520,3696,0,0,0,0,0
521,2532,0,0,1,0,0
522,9214,0,0,0,0,0
523,4943,0,0,0,1,1
524,35,0,0,0,0,0
525,2258,0,0,0,0,0
526,4322,0,0,0,0,0
527,713,0,0,0,0,0
528,4702,0,0,0,0,0
529,3281,0,0,0,0,0
530,702,0,0,0,0,0
531,2004,0,0,0,0,0
532,4769,0,0,0,1,0
533,4437,0,0,0,0,0
534,8724,0,0,0,0,0
535,10741,0,0,0,0,0
536,1991,0,0,0,0,0
537,6931,0,0,0,0,1
538,11096,0,0,0,0,0
539,304,0,0,0,0,0
540,3665,0,0,0,0,0
541,10591,0,0,0,0,0
542,5036,0,0,0,0,0
543,5547,0,0,0,1,1
544,7822,0,0,0,0,0
545,8541,0,0,0,0,0
546,10955,0,0,0,0,0
547,4368,0,0,0,0,0
548,9671,0,0,1,0,0
549,2256,0,0,0,0,0
550,4279,0,0,0,0,0
551,5371,0,0,1,0,0
552,9240,0,0,0,0,0
553,9460,0,0,0,0,0
554,9504,0,0,0,0,0
555,8692,0,0,0,0,0
556,448,0,0,0,0,0
557,8314,0,0,0,0,1
558,8420,0,0,0,0,0
559,3174,1,1,0,1,1
560,7685,0,0,0,0,0
561,3179,0,0,0,0,0
562,9780,0,0,0,0,0
563,10681,0,0,0,0,0
564,10232,0,0,0,0,0
565,4184,0,0,0,0,0
566,9120,0,0,0,0,0
567,891,0,0,0,0,0
568,10381,0,0,0,0,0
569,3525,0,0,0,0,0
570,6818,0,0,0,0,0
571,3526,0,0,0,0,0
572,8181,0,0,0,0,0
573,1029,0,0,0,0,0
574,7369,0,0,0,0,0
575,2574,1,1,0,1,0
576,8159,0,0,0,0,0
577,1160,0,0,0,0,0
578,10242,0,0,0,0,0
579,5253,0,0,0,0,0
580,5966,0,0,0,1,0
581,5314,0,0,0,0,0
582,5081,0,0,0,0,0
583,5123,0,0,0,0,0
584,5756,0,0,0,0,0
585,8036,0,0,0,0,0
586,9058,1,0,1,0,1
587,5057,0,0,0,0,0
588,254,0,0,0,1,0
589,4179,0,0,0,0,0
590,3710,0,0,0,0,0
591,7627,1,0,0,0,1
592,4501,0,0,0,0,0
593,6424,0,0,0,0,0
594,3075,0,0,0,0,0
595,4992,0,0,0,0,0
596,5252,0,0,0,0,0
597,7444,0,0,0,0,0
598,6919,0,0,0,0,0
599,3537,0,0,0,0,0
600,10277,0,0,0,0,0
601,2453,0,0,0,0,0
602,7972,0,0,0,0,0
603,895,0,0,0,0,0
604,1177,0,0,0,0,0
605,7141,0,0,0,0,0
606,7232,0,0,0,0,0
607,8477,0,0,0,0,0
608,2457,0,0,0,0,0
609,988,1,0,0,0,0
610,7930,0,0,0,0,0
611,4587,0,0,0,0,0
612,6682,0,0,0,0,0
613,6222,0,0,0,0,0
614,10299,0,0,0,0,0
615,3083,0,0,0,0,0
616,8953,0,0,0,0,0
617,1503,0,0,0,0,0
618,8650,0,0,0,0,0
619,10862,0,0,0,0,0
620,2782,0,0,0,0,0
621,6941,0,0,0,0,0
622,10972,0,0,0,1,1
623,10708,0,0,0,0,0
624,6583,1,0,0,0,0
625,3641,0,0,0,0,0
626,10156,0,0,0,0,0
627,4299,0,0,0,0,0
628,3469,0,0,0,0,0
629,5063,0,0,0,0,0
630,10727,0,0,0,0,0
631,9624,0,0,0,0,0
632,5156,0,0,0,0,0
633,4376,0,0,1,0,0
634,8923,0,0,0,0,0
635,8461,0,0,0,0,0
636,6945,0,0,0,0,0
637,944,0,0,0,0,0
638,1907,0,0,0,0,0
639,701,0,0,1,0,0
640,3856,0,0,0,0,0
641,4149,0,0,0,0,0
642,2131,0,0,0,0,0
643,2942,0,0,1,0,0
644,1173,0,0,0,1,1
645,4381,0,0,0,0,0
646,4611,1,0,0,0,1
647,3376,0,0,0,0,0
648,4679,0,0,0,0,0
649,10928,0,0,0,0,0
650,4248,0,0,0,1,0
651,6728,0,0,0,0,0
652,6661,0,0,0,0,0
653,4725,0,0,0,0,0
654,3277,0,0,0,0,0
655,5555,0,0,0,0,0
656,2564,0,0,0,0,0
657,946,0,0,0,0,0
658,3867,0,0,0,0,0
659,6940,0,0,1,0,0
660,55,0,0,0,0,0
661,7093,0,0,0,0,0
662,5084,0,0,0,0,0
663,1777,0,0,0,0,0
664,8162,0,0,0,0,0
665,10826,0,0,0,0,0
666,8754,0,0,0,0,0
667,1987,0,0,0,0,0
668,11007,0,0,0,0,0
669,7426,0,0,0,0,0
670,9153,0,0,0,0,0
671,10379,0,0,0,0,0
672,9204,0,0,0,0,0
673,3197,0,0,0,0,0
674,2920,0,0,0,0,0
675,6961,0,0,0,0,0
676,4673,1,0,0,0,0
677,9937,0,0,0,0,0
678,8779,0,0,1,0,0
679,9596,0,0,0,0,0
680,2891,0,0,0,0,0
681,4910,0,0,0,0,0
682,75,0,0,0,0,0
683,10120,0,0,0,0,0
684,6327,0,0,0,0,0
685,10142,0,0,0,0,0
686,9826,0,0,0,0,0
687,1501,0,0,0,0,0
688,10767,1,0,0,0,1
689,7279,0,0,0,0,0
690,7230,0,0,0,1,0
691,143,0,0,0,0,0
692,450,0,0,0,0,0
693,9316,0,0,0,0,0
694,6379,0,0,0,0,0
695,9239,0,0,0,0,0
696,8315,0,0,0,0,0
697,2868,0,0,0,0,0
698,10888,0,0,0,0,0
699,1277,1,0,0,0,0
700,9977,0,0,0,0,0
701,10196,0,0,0,0,0
702,6384,0,0,1,0,0
703,8029,1,0,0,1,1
704,968,0,0,0,0,0
705,6988,0,0,1,0,1
706,4472,0,0,0,0,0
707,6991,0,0,0,0,0
708,3336,0,0,1,0,0
709,4301,0,0,1,0,0
710,1940,0,0,0,0,0
711,1272,0,0,0,0,0
712,1388,0,0,0,0,0
713,1044,0,0,0,0,0
714,6969,0,0,0,0,0
715,10479,0,0,0,0,0
716,3619,0,0,0,0,1
717,1715,0,0,0,0,0
718,10159,0,0,0,0,0
719,1463,0,0,0,0,0
720,5114,0,0,0,0,0
721,4990,0,0,0,0,0
722,4329,0,0,0,0,0
723,10936,0,0,0,0,0
724,4692,0,0,1,0,0
725,7212,0,0,0,0,0
726,6086,1,0,0,0,0
727,437,0,0,0,0,0
728,11171,0,0,0,0,0
729,11101,0,0,0,0,1
730,5329,0,0,0,0,0
731,610,0,0,0,0,0
732,9384,0,0,0,0,0
733,5956,0,0,0,0,0
734,10430,1,0,0,1,1
735,7875,1,0,0,1,1
736,7072,0,0,0,0,0
737,6255,0,0,0,0,0
738,6516,0,0,0,0,0
739,5564,0,0,0,0,0
740,5682,0,0,0,0,0
741,7458,0,0,0,0,0
742,5237,0,0,0,0,0
743,7761,0,0,0,0,0
744,5278,1,0,0,0,0
745,3560,0,0,0,0,1
746,7235,0,0,0,0,0
747,10548,0,0,0,0,0
748,2281,0,0,1,0,0
749,4073,0,0,1,0,0
750,6974,0,0,0,0,0
751,7938,0,0,0,0,0
752,7094,0,0,0,0,0
753,3667,1,0,0,1,1
754,7723,0,0,0,0,0
755,3870,0,0,0,0,0
756,4012,0,0,0,0,0
757,5909,0,0,0,0,0
758,10470,0,0,0,0,0
759,6488,0,0,0,0,0
760,10270,0,0,0,0,0
761,6887,0,0,0,0,0
762,6406,0,0,0,0,0
763,7573,0,0,1,0,0
764,4508,0,0,0,0,0
765,221,0,0,0,0,0
766,5331,0,0,0,0,0
767,1911,0,0,0,0,0
768,20,0,0,0,0,0
769,8786,0,0,0,0,0
770,10582,0,0,0,0,0
771,1915,0,0,0,0,0
772,8897,0,0,0,0,0
773,2371,0,0,0,0,0
774,4303,0,0,0,0,0
775,6825,0,0,0,0,0
776,1072,0,0,0,0,0
777,4964,0,0,0,0,0
778,2461,0,0,0,0,0
779,10736,0,0,0,0,0
780,3194,0,0,0,0,0
781,10839,0,0,0,0,0
782,49,0,0,0,0,0
783,4290,0,0,0,0,0
784,10219,0,0,0,0,0
785,4211,0,0,0,0,0
786,1135,0,0,0,0,0
787,6299,0,0,1,0,0
788,10846,0,0,1,0,0
789,347,0,0,0,0,0
790,6543,0,0,0,0,0
791,10446,1,0,0,1,1
792,3479,0,0,1,0,0
793,11075,0,0,0,0,0
794,4442,0,0,0,0,0
795,199,0,0,0,1,0
796,6722,0,0,0,0,0
797,796,0,0,0,0,0
798,3749,0,0,0,0,0
799,8523,0,0,0,0,0
800,310,0,0,0,0,0
801,8629,0,0,0,0,0
802,236,0,0,0,0,0
803,9930,0,0,0,0,0
804,3483,1,1,0,1,0
805,4599,0,0,0,0,0
806,7326,0,0,0,0,0
807,7352,0,0,0,0,0
808,2350,0,0,0,1,0
809,9145,0,0,0,0,0
810,2964,0,0,0,0,0
811,5585,0,0,0,0,0
812,9687,0,0,0,0,0
813,3732,0,0,0,0,0
814,6303,0,0,0,0,0
815,11176,0,0,0,0,0
816,2986,0,0,0,0,0
817,7462,0,0,0,0,0
818,3900,0,0,0,0,0
819,7034,0,0,0,0,0
820,9493,1,0,0,0,1
821,1143,0,0,0,0,0
822,1,0,1,0,0,0
823,3855,0,0,0,0,0
824,5536,1,1,0,1,1
825,5989,0,0,0,0,0
826,9499,0,0,0,1,1
827,6768,0,0,0,0,0
828,2150,0,0,0,0,0
829,6646,0,0,0,0,0
830,4887,0,0,0,0,0
831,8560,0,0,0,0,0
832,3321,0,0,0,0,0
833,11003,0,0,0,0,0
834,10402,0,0,0,0,0
835,9904,0,0,0,0,0
836,6141,0,0,0,0,0
837,5687,0,0,0,0,0
838,10856,0,0,0,0,0
839,5121,0,0,1,0,0
840,4186,0,0,0,0,0
841,368,0,0,0,0,0
842,3312,0,0,0,0,0
843,11121,0,0,0,0,0
844,5332,0,0,0,0,0
845,5848,0,1,1,0,1
846,10343,0,0,0,0,0
847,5935,0,0,0,0,0
848,2895,0,0,0,0,0
849,10262,0,0,0,0,0
850,7848,0,0,0,0,0
851,9477,0,0,0,0,0
852,4856,1,0,1,0,0
853,7186,0,0,1,0,0
854,5794,1,0,0,1,0
855,1456,0,0,0,0,0
856,4877,0,0,0,0,0
857,425,0,0,0,0,0
858,3007,0,0,0,0,0
859,1031,0,0,0,0,1
860,4297,0,0,0,0,0
861,807,0,0,0,0,0
862,9553,0,0,0,0,0
863,4271,0,0,0,0,0
864,4120,0,0,0,0,0
865,2036,0,0,0,0,0
866,115,0,0,0,0,0
867,4259,0,0,0,0,0
868,8687,0,0,0,0,0
869,2447,0,0,0,0,0
870,10140,0,1,0,1,0
871,9353,0,0,0,1,0
872,3623,0,0,0,0,0
873,738,0,0,0,0,0
874,7631,0,0,0,0,0
875,4789,1,0,1,0,1
876,773,0,0,0,0,0
877,10602,0,0,0,0,0
878,1446,0,0,0,0,0
879,3270,0,0,0,0,0
880,8443,0,0,1,0,0
881,9653,0,0,0,0,0
882,8916,0,0,0,0,0
883,8017,0,0,0,0,0
884,5830,0,0,0,0,0
885,4597,0,0,0,0,0
886,7023,0,0,0,0,0
887,8086,0,0,0,0,0
888,8825,0,0,0,0,0
889,2930,0,0,0,0,0
890,1928,0,0,1,0,0
891,7108,0,0,0,0,0
892,10925,0,0,0,0,0
893,9960,0,0,0,0,0
894,8800,0,0,1,0,0
895,9224,0,0,0,0,0
896,5519,0,0,0,0,0
897,5046,0,0,0,0,0
898,7037,0,0,0,0,0
899,905,0,0,0,0,0
900,8624,0,0,0,0,0
901,8945,0,0,0,0,0
902,6445,0,0,0,0,0
903,2727,0,0,0,0,0
904,6404,0,0,0,0,0
905,11074,0,0,0,0,0
906,10150,1,0,0,0,0
907,1968,0,0,0,0,0
908,6534,0,0,0,0,0
909,9485,0,0,0,0,0
910,7053,0,0,0,0,0
911,4654,0,0,0,0,0
912,9760,0,0,0,0,0
913,1048,0,0,0,0,0
914,10619,0,0,0,0,1
915,9308,0,0,0,0,0
916,10505,0,0,0,0,0
917,8362,0,0,0,1,1
918,2625,0,0,0,0,0
919,4637,1,0,0,0,0
920,9972,0,1,1,0,0
921,4483,0,0,0,0,0
922,4487,0,0,0,0,0
923,4988,0,0,0,0,0
924,8931,1,0,0,0,0
925,5871,0,0,0,0,0
926,2008,1,0,0,0,0
927,3139,0,0,0,1,0
928,10037,0,0,0,0,0
929,10673,0,0,0,0,0
930,5303,0,0,0,0,0
931,538,0,0,0,0,0
932,7922,0,0,0,1,0
933,5692,0,0,0,0,0
934,4843,0,0,0,0,0
935,6383,0,0,0,0,0
936,1628,0,0,0,0,0
937,1204,1,0,0,0,0
938,3673,0,0,0,0,0
939,760,0,0,0,0,0
940,8957,0,0,0,0,0
941,4128,0,0,0,0,0
942,6810,0,0,0,0,1
943,5386,1,0,0,1,1
944,8700,0,0,0,0,0
945,3202,0,0,0,1,1
946,1328,0,0,0,0,0
947,8405,0,0,0,0,0
948,6515,0,0,0,0,0
949,2882,0,0,0,0,0
950,7574,0,0,0,0,0
951,6387,0,0,1,0,0
952,5320,0,0,0,0,0
953,5048,0,0,0,0,0
954,8146,0,0,0,0,0
955,10031,0,0,0,0,0
956,5748,0,0,0,0,0
957,2134,0,0,0,0,0
958,1523,0,0,0,0,0
959,9665,0,0,0,0,0
960,4640,0,0,0,0,0
961,3635,0,0,0,0,0
962,3547,0,0,0,0,0
963,2456,0,0,0,0,0
964,5633,0,0,0,0,0
965,7801,0,0,0,0,0
966,10489,1,0,0,0,1
967,7011,0,0,0,0,0
968,2620,0,0,0,0,0
969,3933,0,0,0,0,0
970,10981,0,0,0,0,0
971,1734,0,0,0,0,0
972,10995,0,0,0,0,0
973,6357,0,0,0,0,0
974,9209,0,0,0,0,0
975,10286,0,0,0,0,0
976,2611,0,0,0,0,1
977,1600,0,0,0,0,0
978,3308,0,0,0,0,0
979,5407,0,0,1,0,0
980,2166,0,0,0,0,0
981,3955,0,0,0,0,0
982,6634,0,0,0,0,0
983,3056,0,0,0,0,0
984,5718,1,0,0,0,1
985,6872,0,0,0,0,0
986,8164,0,0,0,0,0
987,4580,1,0,1,0,1
988,9305,0,0,0,0,0
989,453,0,0,0,0,0
990,8545,1,1,0,1,1
991,9850,0,0,0,0,0
992,7378,0,0,1,0,0
993,7646,0,0,0,0,0
994,1640,0,0,0,0,0
995,5184,0,0,0,0,0
996,8492,1,0,0,0,0
997,11188,0,0,0,0,0
998,1212,0,0,1,0,0
999,9097,0,0,0,0,0
1000,10473,0,0,0,1,1
1001,7962,1,0,0,0,1
1002,9984,1,0,1,0,0
1003,5527,0,0,0,0,0
1004,6374,0,0,0,0,0
1005,7453,0,0,1,0,0
1006,8952,0,0,0,0,0
1007,241,0,0,0,0,1
1008,8975,0,0,1,0,0
1009,6119,0,0,0,0,0
1010,5236,1,0,0,1,1
1011,5723,0,0,0,0,0
1012,1710,0,0,0,0,0
1013,1970,0,0,0,0,0
1014,5313,0,0,0,0,0
1015,10634,0,0,0,0,0
1016,7010,0,0,0,0,1
1017,8562,0,0,0,0,0
1018,3158,0,0,0,0,0
1019,4436,0,0,0,0,0
1020,5287,0,0,0,0,0
1021,2445,0,0,0,0,0
1022,6059,0,0,0,0,0
1023,4550,0,0,0,0,0
1024,4240,0,0,0,0,0
1025,8911,0,0,0,0,0
1026,3706,0,0,1,0,0
1027,3628,0,0,0,0,0
1028,10175,0,0,0,0,0
1029,8985,0,0,0,0,0
1030,5204,0,0,0,0,1
1031,9220,0,0,0,0,0
1032,9888,0,0,0,0,0
1033,5263,0,0,0,0,0
1034,1020,0,0,0,0,1
1035,9503,0,0,0,0,0
1036,10613,0,0,0,0,0
1037,67,0,0,0,0,0
1038,6019,0,0,1,0,0
1039,5863,0,0,0,0,0
1040,3717,0,0,1,0,0
1041,6730,0,0,0,0,0
1042,10749,0,0,0,0,0
1043,4998,1,0,0,0,0
1044,6287,0,0,0,0,0
1045,5985,0,0,0,0,0
1046,4754,0,0,0,0,0
1047,4002,0,0,0,0,0
1048,8870,0,0,0,0,0
1049,966,0,0,0,1,0
1050,4767,0,0,0,0,1
1051,9725,0,0,1,0,0
1052,4475,0,0,0,0,0
1053,5740,0,0,0,0,0
1054,5731,0,0,0,0,0
1055,7290,0,0,0,0,0
1056,3846,0,0,0,0,0
1057,8104,0,0,0,0,0
1058,4507,0,0,0,0,0
1059,11013,0,0,0,0,0
1060,4491,0,0,0,1,0
1061,3759,0,0,1,0,0
1062,1162,0,0,0,0,0
1063,2055,0,0,1,0,0
1064,10766,0,0,0,0,0
1065,4415,0,0,0,0,0
1066,3005,1,0,1,0,0
1067,2223,0,0,0,0,0
1068,4817,0,0,0,0,0
1069,2875,0,0,0,0,0
1070,10536,0,0,0,0,0
1071,11112,0,0,0,0,0
1072,3807,0,0,0,0,0
1073,9197,0,0,0,0,0
1074,10832,0,0,0,0,0
1075,6421,1,0,0,0,0
1076,4207,0,0,1,0,1
1077,577,0,0,0,0,0
1078,10855,0,0,0,0,0
1079,3081,0,0,0,0,0
1080,3535,0,0,0,0,0
1081,247,0,0,0,0,0
1082,8707,0,0,0,0,0
1083,9523,0,0,0,0,0
1084,6072,1,0,0,0,0
1085,6295,0,0,0,0,0
1086,10914,0,0,0,0,0
1087,1509,1,1,0,1,1
1088,5577,0,0,0,0,0
1089,7348,0,0,0,0,0
1090,1127,0,0,0,0,1
1091,1833,0,0,0,0,0
1092,4944,0,0,0,0,0
1093,9080,0,0,0,0,0
1094,6466,0,0,0,0,0
1095,9964,0,0,0,0,0
1096,4790,0,0,0,0,0
1097,10245,0,0,0,0,0
1098,1109,0,0,0,0,0
1099,6001,0,0,0,0,0
1100,5538,1,0,1,0,1
1101,10552,0,0,0,0,0
1102,1545,0,0,0,0,0
1103,7409,0,0,0,0,0
1104,4444,0,0,0,0,0
1105,146,1,0,0,0,0
1106,6271,0,0,0,0,0
1107,10065,0,0,0,0,0
1108,4741,0,0,0,1,0
1109,246,0,0,0,0,0
1110,375,0,0,0,0,0
1111,1524,1,0,0,0,0
1112,10022,0,0,0,0,0
1113,7451,0,0,0,1,0
1114,11010,0,0,0,0,0
1115,4356,0,0,0,1,1
1116,3885,0,0,1,0,0
1117,1175,0,0,1,0,0
1118,880,0,0,0,0,0
1119,2320,0,0,0,0,0
1120,850,0,0,0,0,0
1121,4713,0,0,0,0,0
1122,675,0,0,0,0,0
1123,5025,0,0,0,0,0
1124,2308,0,0,0,0,0
1125,5995,0,0,0,0,0
1126,6749,0,0,0,0,0
1127,1010,0,0,0,0,0
1128,8977,0,0,0,0,0
1129,4756,0,0,0,0,0
1130,3412,0,0,0,1,0
1131,606,0,0,0,0,0
1132,5961,0,0,0,0,0
1133,2975,1,0,0,0,0
1134,2894,1,0,0,1,1
1135,7613,0,0,0,0,0
1136,10542,0,0,0,0,0
1137,8015,0,0,0,0,0
1138,10617,0,0,0,0,0
1139,11166,0,0,0,0,0
1140,849,0,0,0,0,0
1141,523,0,0,0,0,0
1142,4066,0,0,0,0,0
1143,8414,0,0,0,0,0
1144,819,0,0,0,0,0
1145,4961,0,0,0,0,0
1146,749,0,0,1,0,0
1147,5430,0,0,0,0,0
1148,7755,0,0,0,0,0
1149,10525,0,0,1,0,0
1150,1453,0,0,0,0,0
1151,8310,0,0,0,0,0
1152,10710,0,0,0,0,0
1153,5031,0,0,0,0,1
1154,2613,0,0,0,0,0
1155,213,0,0,0,0,0
1156,967,0,0,0,0,0
1157,1077,0,0,0,0,0
1158,7959,0,0,0,0,0
1159,640,0,0,0,0,0
1160,4252,0,0,0,0,0
1161,8432,0,0,0,0,0
1162,6218,0,0,0,1,0
1163,6905,0,0,0,0,0
1164,5922,0,0,0,0,0
1165,3598,0,0,0,0,0
1166,6116,0,0,0,0,0
1167,6263,0,0,0,0,0
1168,10486,0,0,0,0,0
1169,2410,0,0,0,0,0
1170,193,0,0,1,0,0
1171,3363,0,0,0,0,0
1172,8278,0,0,0,0,0
1173,10660,0,0,0,1,0
1174,8686,0,0,0,0,0
1175,1604,0,0,0,0,0
1176,5907,0,0,0,0,0
1177,10669,0,0,0,0,0
1178,2918,0,0,0,0,0
1179,5735,0,0,0,0,1
1180,359,0,0,0,0,0
1181,8387,0,0,0,0,0
1182,1829,0,0,0,1,0
1183,3839,0,0,0,0,0
1184,9392,0,0,0,0,0
1185,2292,0,0,0,0,0
1186,10466,0,0,0,0,0
1187,9855,1,0,0,0,0
1188,4088,0,0,0,0,0
1189,5231,0,0,0,0,0
1190,590,0,0,0,0,0
1191,8732,0,0,0,1,1
1192,2315,0,0,0,0,0
1193,3515,0,0,0,0,0
1194,2245,0,0,0,0,0
1195,6283,0,0,0,0,0
1196,2246,0,0,0,0,0
1197,6606,0,0,0,1,0
1198,5545,0,0,0,0,0
1199,7342,0,0,0,0,0
1200,837,0,0,0,0,0
1201,9500,0,0,0,0,0
1202,3602,0,0,0,0,0
1203,234,0,0,1,0,0
1204,2995,0,0,0,0,0
1205,1118,0,0,1,0,0
1206,7789,0,0,0,0,1
1207,3068,0,0,0,0,0
1208,8955,0,0,1,0,0
1209,945,0,0,0,0,0
1210,5644,0,0,0,1,0
1211,7192,0,0,0,0,0
1212,2324,0,0,1,0,0
1213,697,0,0,0,0,1
1214,3439,0,0,0,0,0
1215,1506,0,0,0,0,0
1216,232,0,0,0,0,0
1217,8876,0,0,0,0,0
1218,4500,0,0,0,0,0
1219,9739,0,0,0,0,0
1220,10395,0,0,0,0,0
1221,1176,0,0,0,0,0
1222,1627,1,0,0,0,0
1223,938,0,0,1,0,0
1224,2740,0,0,0,0,0
1225,257,0,0,0,0,0
1226,4058,0,0,0,1,0
1227,7736,0,0,1,0,0
1228,8210,0,0,0,0,0
1229,833,0,0,0,0,0
1230,6230,0,0,0,0,0
1231,7325,0,0,0,0,0
1232,1307,0,0,0,0,0
1233,1502,0,0,0,0,0
1234,6211,0,0,0,0,0
1235,843,0,0,0,0,0
1236,4174,0,0,0,0,0
1237,9757,0,1,0,1,1
1238,6918,0,0,0,0,0
1239,286,0,0,0,0,0
1240,11086,0,0,0,0,0
1241,1921,0,0,0,0,0
1242,4138,0,0,1,0,0
1243,7718,0,0,0,0,0
1244,1291,0,0,0,0,0
1245,6862,0,0,0,0,0
1246,4136,0,0,0,0,0
1247,803,0,0,0,0,0
1248,4298,0,0,0,0,0
1249,10833,0,0,0,1,0
1250,9606,1,0,0,0,1
1251,8534,0,0,0,1,0
1252,5153,0,0,1,0,0
1253,961,0,0,0,0,0
1254,5011,0,0,0,0,0
1255,6653,0,0,0,0,0
1256,9094,0,0,0,0,0
1257,810,0,0,0,0,0
1258,5493,0,0,1,0,0
1259,2147,1,0,0,0,1
1260,5107,0,0,1,0,0
1261,3979,0,0,0,0,1
1262,6049,1,0,1,0,0
1263,8147,0,0,0,0,0
1264,1857,0,0,0,0,0
1265,3910,1,0,1,0,1
1266,5207,0,0,0,0,0
1267,11114,0,0,0,0,0
1268,5429,0,0,0,0,0
1269,9400,0,0,0,0,0
1270,1740,0,0,0,1,0
1271,7488,0,0,0,0,0
1272,195,0,0,1,0,0
1273,635,0,0,0,0,0
1274,7527,0,0,0,0,0
1275,10319,0,0,0,1,0
1276,2296,0,0,1,0,0
1277,10637,0,0,0,0,0
1278,2931,1,0,0,0,0
1279,907,0,0,0,0,0
1280,3698,0,0,0,0,1
1281,9516,0,1,0,1,0
1282,679,0,0,0,0,0
1283,7384,0,0,0,0,0
1284,5043,0,0,0,0,0
1285,5267,0,0,0,0,0
1286,339,0,0,0,1,0
1287,2516,0,0,0,0,0
1288,9010,1,0,1,0,1
1289,378,0,0,0,0,0
1290,4808,0,0,0,0,0
1291,5068,0,0,0,0,0
1292,7628,0,0,0,0,0
1293,7128,0,0,0,0,0
1294,2811,0,0,0,0,0
1295,3551,0,0,0,0,0
1296,1663,0,0,0,0,0
1297,5543,0,0,0,1,0
1298,1577,0,0,0,0,1
1299,10641,0,0,0,0,0
1300,5336,0,0,0,0,0
1301,6024,1,0,0,1,1
1302,1878,0,0,0,0,0
1303,3099,0,0,0,0,0
1304,6055,0,0,0,1,0
1305,5841,0,0,0,0,0
1306,3972,0,0,0,0,0
1307,4394,0,0,0,1,1
1308,5758,1,1,1,0,1
1309,6658,0,0,0,0,0
1310,4603,0,0,0,0,0
1311,8427,0,0,0,0,0
1312,10260,0,0,0,0,0
1313,7143,0,0,0,0,0
1314,8789,0,0,0,0,0
1315,6197,0,0,0,0,0
1316,4554,0,0,0,0,0
1317,4937,0,0,0,0,0
1318,1920,0,0,0,0,0
1319,8749,0,0,0,0,0
1320,1650,0,0,0,0,0
1321,10377,0,0,0,0,0
1322,9206,0,0,0,0,1
1323,10971,0,0,1,0,0
1324,6398,0,0,0,0,0
1325,9212,0,0,0,0,0
1326,7937,0,0,0,0,0
1327,839,0,0,0,0,0
1328,4246,0,0,0,0,0
1329,158,0,0,1,0,0
1330,4832,0,0,0,0,0
1331,5621,0,0,0,0,0
1332,1945,1,0,0,1,0
1333,5147,0,0,0,0,0
1334,2535,1,0,0,1,1
1335,11039,0,0,0,0,0
1336,9495,0,0,0,0,0
1337,9635,0,0,0,0,0
1338,2173,0,0,0,0,0
1339,942,0,0,0,0,0
1340,9386,0,0,0,1,0
1341,5510,0,0,0,0,0
1342,873,0,0,0,1,0
1343,2253,0,0,0,0,0
1344,5181,0,0,0,0,0
1345,979,0,0,0,0,0
1346,10390,0,0,0,0,0
1347,4698,0,0,0,0,0
1348,7793,0,0,0,1,0
1349,1745,0,0,0,0,0
1350,10590,0,0,0,0,0
1351,5080,0,0,0,0,0
1352,8369,0,0,0,0,0
1353,5232,0,0,0,0,0
1354,2407,0,0,0,0,1
1355,3834,0,0,0,0,0
1356,7912,0,0,1,0,0
1357,7712,0,0,0,0,0
1358,1065,0,0,0,0,0
1359,7275,0,0,0,0,0
1360,1343,0,0,0,0,0
1361,1384,0,0,1,0,0
1362,9967,0,0,0,0,0
1363,6181,0,0,0,0,0
1364,10507,0,0,0,1,0
1365,2674,0,0,0,0,0
1366,2698,0,0,0,0,0
1367,3231,0,0,0,0,0
1368,4096,0,0,0,0,0
1369,10476,0,0,0,0,0
1370,5948,0,0,0,0,0
1371,9140,0,0,0,0,0
1372,10258,0,0,0,0,0
1373,5675,0,0,0,1,0
1374,4743,0,0,0,0,0
1375,8805,0,0,0,0,0
1376,1542,0,0,0,0,0
1377,6770,0,0,1,0,0
1378,8773,0,0,0,1,0
1379,10475,0,0,0,0,0
1380,10420,0,0,0,0,0
1381,7514,0,0,0,0,0
1382,2902,0,0,0,0,0
1383,4345,0,0,0,0,0
1384,793,0,0,0,0,0
1385,10909,0,0,1,0,1
1386,3769,0,0,0,0,0
1387,8702,0,0,0,0,0
1388,4791,0,0,0,0,0
1389,2963,0,0,0,0,0
1390,8216,0,0,0,0,0
1391,8140,0,0,0,0,0
1392,10146,0,0,0,0,0
1393,5289,0,0,0,0,0
1394,2587,0,0,0,0,0
1395,4405,0,0,0,0,0
1396,8663,0,0,0,0,0
1397,2589,0,0,0,0,0
1398,3421,0,0,0,0,0
1399,10490,0,0,0,0,0
1400,4094,0,0,0,0,0
1401,9958,0,0,0,0,0
1402,2534,0,0,0,0,0
1403,4188,0,0,0,0,0
1404,6613,0,0,0,0,0
1405,10827,0,0,0,0,0
1406,5491,0,0,0,0,0
1407,8402,0,0,0,0,0
1408,8783,0,0,0,0,0
1409,10010,0,0,0,0,0
1410,618,0,0,0,0,0
1411,9121,1,0,0,1,1
1412,361,0,0,0,0,0
1413,4310,1,0,0,0,0
1414,2678,0,0,0,0,0
1415,6376,0,0,0,0,0
1416,524,0,0,0,0,0
1417,10341,0,0,0,0,0
1418,5654,0,0,0,0,0
1419,4098,0,0,0,0,0
1420,5824,0,0,0,0,0
1421,7000,0,0,0,0,0
1422,2561,0,0,0,1,0
1423,5229,0,0,0,0,0
1424,4086,0,0,0,0,0
1425,2428,0,0,0,0,0
1426,8254,0,0,0,0,0
1427,2836,0,0,0,0,0
1428,8418,0,0,0,0,0
1429,1362,0,0,0,0,0
1430,7152,0,0,0,0,0
1431,10033,0,0,0,0,0
1432,9349,1,0,0,0,1
1433,274,0,0,0,0,0
1434,3388,0,0,0,0,0
1435,922,0,0,1,0,0
1436,8588,0,0,0,0,0
1437,2518,0,0,0,0,0
1438,574,0,0,0,0,0
1439,3220,0,0,0,0,0
1440,5967,0,0,0,0,0
1441,1183,0,0,0,0,0
1442,6856,0,0,0,0,0
1443,4530,1,0,0,0,0
1444,1553,1,0,0,1,0
1445,4682,0,0,0,0,0
1446,8204,0,0,0,0,0
1447,5221,0,0,1,0,0
1448,1232,0,0,0,0,0
1449,1927,0,0,0,0,0
1450,5788,0,0,0,0,0
1451,6652,0,0,0,0,0
1452,6246,0,0,0,0,0
1453,5975,0,0,0,0,0
1454,6875,0,0,0,0,0
1455,4399,0,0,0,0,0
1456,4042,0,0,0,0,0
1457,2157,0,0,0,0,0
1458,10133,1,0,0,1,1
1459,2525,0,0,0,0,0
1460,8233,0,0,0,1,0
1461,9483,0,0,0,0,0
1462,2945,0,1,1,0,0
1463,10403,0,0,0,0,0
1464,5074,0,0,0,0,0
1465,10524,0,0,0,0,0
1466,4690,0,0,0,0,0
1467,7521,0,0,0,0,1
1468,7196,0,0,0,0,0
1469,4406,0,0,0,0,0
1470,9672,0,0,0,0,0
1471,4864,0,0,0,0,0
1472,4706,0,0,0,0,0
1473,4070,0,0,0,1,1
1474,25,0,0,0,0,0
1475,3697,0,0,0,0,0
1476,217,0,0,0,0,0
1477,4220,0,0,0,0,0
1478,5286,0,0,0,0,0
1479,9559,0,0,1,0,0
1480,2849,0,0,0,0,0
1481,7787,0,0,0,0,0
1482,3102,0,0,0,0,0
1483,5868,0,0,0,0,0
1484,8370,0,0,0,0,0
1485,9988,0,0,0,0,0
1486,2939,0,0,0,0,0
1487,5529,1,0,0,0,0
1488,9743,0,0,0,0,1
1489,5763,0,0,0,0,0
1490,3478,0,0,0,0,0
1491,7494,0,0,0,0,0
1492,1763,1,0,1,0,1
1493,7250,0,0,0,0,0
1494,2005,0,0,0,0,0
1495,10770,0,0,0,0,0
1496,6885,0,0,0,0,0
1497,2072,0,0,1,0,0
1498,9463,0,0,0,0,0
1499,6318,0,0,0,0,0
1500,4093,0,0,0,0,0
1501,5751,0,0,0,0,0
1502,3340,0,0,0,0,0
1503,3594,0,0,0,0,0
1504,3584,0,0,1,0,0
1505,3643,0,0,0,0,1
1506,851,0,0,0,0,0
1507,7706,0,0,1,0,0
1508,3967,0,0,0,0,0
1509,10128,0,0,0,0,0
1510,486,0,0,0,0,0
1511,9,0,0,0,0,0
1512,9451,0,0,0,0,0
1513,9264,0,0,0,0,0
1514,3865,0,0,0,0,0
1515,2853,0,0,0,0,0
1516,1490,0,0,0,0,0
1517,6310,0,0,0,0,0
1518,10380,0,0,0,0,0
1519,3887,0,0,0,0,0
1520,4278,0,0,0,0,0
1521,8643,0,0,0,0,0
1522,1998,0,0,0,0,0
1523,10795,0,0,0,0,0
1524,11110,0,0,0,0,0
1525,2408,0,0,0,0,0
1526,202,0,0,0,0,0
1527,7998,0,0,0,0,0
1528,830,1,0,0,0,1
1529,3536,0,0,0,0,0
1530,6050,0,0,1,0,0
1531,125,0,0,0,1,0
1532,3463,0,0,0,0,0
1533,2804,0,0,0,0,0
1534,3745,0,0,0,0,0
1535,9771,0,0,0,0,0
1536,451,0,0,0,0,0
1537,10530,0,0,0,0,0
1538,1079,0,0,0,1,0
1539,8920,0,0,0,0,0
1540,6678,0,0,0,0,0
1541,3852,0,0,0,0,0
1542,528,0,0,0,0,0
1543,73,0,0,0,0,0
1544,5589,0,0,0,0,0
1545,10212,0,0,0,0,0
1546,6365,0,0,0,0,0
1547,5636,0,0,0,0,0
1548,591,0,0,0,0,0
1549,2217,0,0,0,0,0
1550,2544,0,0,0,0,0
1551,7725,0,0,0,0,0
1552,8091,0,0,0,0,0
1553,7321,1,0,0,0,0
1554,5462,0,0,0,0,0
1555,7791,0,0,0,0,0
1556,955,0,0,1,0,0
1557,4037,0,0,0,0,0
1558,6642,0,0,0,0,0
1559,2793,0,0,0,0,0
1560,5424,0,0,0,0,0
1561,879,0,0,0,0,0
1562,9530,0,0,0,0,0
1563,4828,0,0,0,0,0
1564,10699,0,0,0,0,0
1565,1497,0,0,0,0,0
1566,7476,0,0,0,1,0
1567,4390,0,0,0,0,0
1568,10478,0,0,0,0,0
1569,1081,0,0,0,0,0
1570,4261,1,0,0,0,1
1571,9916,0,0,0,0,0
1572,5350,0,0,0,0,1
1573,8135,0,0,0,0,0
1574,8685,0,0,0,0,0
1575,4967,0,0,0,0,0
1576,2130,0,0,0,0,0
1577,9298,0,0,0,1,1
1578,8175,0,0,0,0,0
1579,6257,0,0,0,0,0
1580,3790,0,0,0,0,0
1581,9952,0,0,0,0,0
1582,3503,0,0,0,0,0
1583,5223,0,0,0,0,0
1584,4608,0,0,0,0,0
1585,1626,0,0,1,0,0
1586,4764,0,0,0,0,0
1587,2471,0,0,0,0,0
1588,5892,0,0,0,0,0
1589,2612,1,0,0,0,0
1590,4971,0,0,0,0,0
1591,5185,0,0,0,0,0
1592,10069,0,0,1,0,0
1593,2262,0,0,0,0,0
1594,1131,0,0,0,0,0
1595,1041,0,0,0,0,0
1596,24,0,0,0,0,0
1597,3409,0,0,1,0,0
1598,7022,0,0,0,0,0
1599,7943,0,0,0,0,0
1600,5272,0,0,0,0,0
1601,5453,1,0,0,0,0
1602,2565,0,0,0,1,0
1603,800,0,0,0,0,0
1604,11092,0,0,0,0,0
1605,5062,0,0,0,0,0
1606,8969,0,0,0,0,0
1607,4656,0,0,1,0,0
1608,4480,0,0,0,0,0
1609,9971,0,0,0,0,0
1610,6729,0,0,0,0,0
1611,1773,0,0,0,0,0
1612,9242,0,0,1,0,0
1613,1764,0,0,0,0,0
1614,6215,0,0,0,0,0
1615,10099,0,0,0,0,0
1616,5423,0,0,0,0,0
1617,940,0,0,0,0,0
1618,3011,0,0,0,0,0
1619,3298,0,0,0,0,0
1620,8286,0,0,0,1,0
1621,9668,0,0,0,0,0
1622,5120,0,0,0,0,0
1623,6097,0,0,0,0,0
1624,7019,0,0,0,0,0
1625,7408,0,0,0,0,0
1626,8041,0,0,0,0,0
1627,252,0,0,0,0,0
1628,9986,0,0,0,0,0
1629,3276,0,0,0,0,0
1630,3859,0,0,0,0,0
1631,3570,0,0,0,0,0
1632,3783,0,0,0,0,0
1633,10207,0,0,0,0,0
1634,10906,0,0,0,0,0
1635,3427,0,0,0,0,0
1636,5209,0,0,0,0,0
1637,10711,0,0,0,0,0
1638,10785,0,0,0,0,0
1639,2814,0,0,0,0,0
1640,6866,0,0,0,0,0
1641,1665,0,1,1,0,1
1642,6575,0,0,0,0,0
1643,3829,0,0,0,0,0
1644,3091,0,0,0,0,0
1645,10141,0,0,0,0,0
1646,5177,0,0,0,0,0
1647,7005,0,0,0,1,0
1648,6409,0,0,0,0,0
1649,7485,0,0,0,0,0
1650,8079,0,0,0,0,0
1651,8395,0,0,0,0,0
1652,10352,0,0,0,0,0
1653,4931,0,0,0,0,0
1654,13,0,0,0,0,0
1655,1834,0,0,0,0,0
1656,2285,0,0,0,0,0
1657,2295,0,0,0,0,0
1658,1378,0,0,0,0,0
1659,2781,1,0,0,0,1
1660,1165,0,0,0,0,0
1661,1404,0,0,0,0,0
1662,6457,0,0,0,0,0
1663,2639,0,0,0,0,0
1664,8299,0,0,0,0,0
1665,6437,0,0,0,0,0
1666,6912,0,0,0,0,0
1667,7327,0,0,0,0,0
1668,5299,0,0,0,0,0
1669,4127,0,0,1,0,0
1670,8143,1,0,0,1,0
1671,1964,0,0,0,0,0
1672,3690,0,0,0,0,1
1673,3433,1,0,0,0,0
1674,3389,0,0,0,0,0
1675,4712,0,0,0,0,0
1676,1170,0,0,0,0,0
1677,6347,0,0,0,0,0
1678,4065,0,0,0,0,0
1679,8230,0,0,0,0,0
1680,1215,1,0,0,0,0
1681,5939,0,0,0,0,0
1682,2156,0,0,0,0,0
1683,7788,0,0,0,0,0
1684,10323,0,0,0,0,0
1685,7947,0,0,0,0,0
1686,1891,0,0,0,0,0
1687,2570,0,1,0,1,0
1688,9256,0,0,0,0,0
1689,295,0,0,0,0,0
1690,7397,0,0,0,0,0
1691,6349,0,0,0,0,0
1692,10790,0,0,0,0,0
1693,10398,0,0,0,0,0
1694,2431,0,0,0,0,0
1695,550,0,0,0,0,0
1696,1890,0,0,0,0,0
1697,10742,0,0,0,0,1
1698,10356,0,0,0,0,0
1699,4676,0,0,0,0,0
1700,8852,0,0,0,0,0
1701,3565,0,0,0,0,0
1702,5294,0,0,0,0,0
1703,1958,0,0,0,0,0
1704,7349,0,0,0,0,0
1705,8799,0,0,0,0,0
1706,1351,0,0,0,0,1
1707,1045,0,0,0,0,0
1708,7732,0,0,0,0,0
1709,8070,0,0,0,0,0
1710,477,1,1,1,0,1
1711,7832,1,0,1,0,1
1712,2202,0,0,0,0,0
1713,7396,0,0,0,0,1
1714,4055,0,0,0,0,0
1715,10340,0,0,0,0,0
1716,10091,0,0,0,0,0
1717,7629,0,0,0,0,0
1718,10640,0,0,0,0,0
1719,3498,0,0,1,0,0
1720,6742,0,0,0,0,0
1721,1172,1,0,0,1,1
1722,569,1,0,0,1,1
1723,4686,0,0,0,0,1
1724,1381,0,0,0,0,0
1725,2634,0,0,0,0,0
1726,10905,0,0,0,0,0
1727,1744,0,0,0,0,0
1728,1000,0,0,0,0,0
1729,3828,0,0,0,0,0
1730,8605,0,0,0,0,0
1731,10304,0,0,0,0,0
1732,4351,0,0,1,0,0
1733,10129,0,0,0,0,1
1734,2499,0,0,0,0,0
1735,10092,0,0,0,0,0
1736,7500,0,0,0,0,0
1737,5796,0,0,0,0,1
1738,10556,1,0,0,0,0
1739,1064,0,0,0,0,0
1740,48,0,0,0,1,0
1741,7610,0,0,0,0,0
1742,263,0,0,0,0,0
1743,10814,0,0,0,0,0
1744,9710,0,0,0,0,0
1745,9292,0,0,0,0,0
1746,10250,0,0,0,0,0
1747,7881,0,0,0,0,0
1748,5847,0,0,0,0,0
1749,737,1,0,0,1,1
1750,3571,0,0,0,1,0
1751,7807,0,0,0,0,0
1752,3878,0,0,0,0,0
1753,5092,0,0,0,1,0
1754,2154,0,0,0,0,0
1755,5394,0,0,0,0,0
1756,3798,0,0,0,0,0
1757,3524,0,0,0,0,0
1758,5247,0,0,0,0,0
1759,5883,0,0,0,0,0
1760,2118,0,0,0,0,0
1761,8812,0,0,0,0,0
1762,6616,0,0,0,0,0
1763,2797,0,0,0,0,0
1764,4328,0,0,0,0,0
1765,9167,0,0,0,0,0
1766,10560,0,0,0,0,0
1767,2631,0,0,0,0,0
1768,8312,0,0,0,0,0
1769,5534,0,0,1,0,0
1770,5093,0,0,0,0,0
1771,7592,0,0,0,0,0
1772,8895,0,0,0,0,0
1773,8584,0,0,0,0,0
1774,2694,0,0,0,0,0
1775,8910,0,0,0,0,0
1776,7433,0,0,0,0,0
1777,164,0,0,0,0,0
1778,10477,0,0,0,0,0
1779,2681,0,0,0,0,0
1780,5150,0,0,0,0,0
1781,5283,0,0,0,0,0
1782,9645,0,0,0,0,0
1783,10678,0,0,0,0,0
1784,7261,0,0,0,0,0
1785,9648,0,0,0,0,0
1786,2870,0,0,0,0,0
1787,8008,0,0,0,0,0
1788,1513,0,0,0,0,0
1789,6173,0,0,0,0,0
1790,1419,0,0,0,0,0
1791,9150,0,0,0,0,0
1792,7960,0,0,0,0,1
1793,1250,0,0,0,0,0
1794,9905,0,0,1,0,0
1795,10691,0,0,0,0,0
1796,7002,0,0,0,0,0
1797,2952,0,0,0,0,0
1798,8439,1,0,0,0,0
1799,762,0,0,0,0,0
1800,2831,0,0,0,0,0
1801,6977,0,0,0,0,1
1802,6289,0,0,0,0,0
1803,4168,0,0,0,0,0
1804,8397,0,0,1,0,0
1805,9284,0,0,0,0,0
1806,6237,0,0,0,0,0
1807,3130,0,0,0,0,0
1808,1619,0,0,0,0,0
1809,1990,0,0,1,0,0
1810,5513,0,0,0,0,0
1811,269,0,0,0,0,0
1812,8093,1,0,0,0,0
1813,10513,1,0,0,0,0
1814,10177,0,0,0,0,0
1815,2549,0,0,0,0,0
1816,5782,0,0,0,1,0
1817,10057,0,0,0,0,0
1818,10307,0,0,0,0,0
1819,8566,0,0,0,0,0
1820,2415,1,0,0,0,0
1821,5684,0,0,0,0,0
1822,8334,0,0,0,0,0
1823,9166,0,0,0,0,0
1824,1440,0,0,0,0,0
1825,78,0,0,0,0,0
1826,5441,0,0,0,0,0
1827,5302,0,0,0,0,0
1828,4687,0,0,0,0,0
1829,1087,0,0,0,0,0
1830,6859,0,0,0,0,0
1831,9860,0,0,0,0,0
1832,7129,0,0,0,0,0
1833,5866,0,0,0,0,0
1834,10521,0,0,0,0,0
1835,7393,0,0,0,0,0
1836,7849,0,0,0,0,0
1837,332,0,0,0,1,0
1838,9847,0,0,0,0,0
1839,531,0,0,0,0,0
1840,9576,0,0,0,0,0
1841,6906,1,0,0,1,1
1842,7419,0,0,0,0,0
1843,3170,0,0,0,0,0
1844,8527,0,0,0,0,0
1845,7872,1,0,1,0,1
1846,9931,0,0,0,0,0
1847,10595,0,0,0,0,0
1848,4609,0,0,0,0,0
1849,5010,0,0,0,0,0
1850,4427,0,0,1,0,1
1851,11148,0,0,0,0,0
1852,1168,0,0,0,0,0
1853,9595,0,0,0,0,0
1854,10163,0,0,0,0,0
1855,2886,1,0,0,1,0
1856,6710,0,0,0,0,0
1857,5316,0,0,0,0,0
1858,9029,0,0,0,0,0
1859,521,0,0,0,0,0
1860,1459,0,0,0,0,0
1861,10241,0,0,0,0,0
1862,1630,0,0,0,0,0
1863,3254,0,0,0,0,0
1864,9064,0,0,0,0,1
1865,3678,0,0,0,1,0
1866,4227,0,0,0,0,0
1867,9467,0,0,0,0,0
1868,8486,0,0,0,0,0
1869,2186,1,0,0,1,1
1870,3286,0,0,0,0,0
1871,8602,0,0,0,0,0
1872,3722,0,0,0,0,0
1873,6715,0,0,0,0,0
1874,4796,0,0,0,0,0
1875,9612,0,0,0,0,0
1876,3766,0,0,0,0,0
1877,1399,1,0,0,0,0
1878,1570,0,0,0,0,0
1879,3426,0,0,0,0,0
1880,3074,0,0,0,0,0
1881,8341,0,0,1,0,0
1882,5180,0,0,0,0,0
1883,6461,0,0,0,1,0
1884,7679,0,0,0,0,0
1885,10702,0,0,0,0,0
1886,7505,0,0,0,0,0
1887,5113,0,0,1,0,0
1888,10858,0,0,0,0,0
1889,2961,0,0,1,0,0
1890,2747,0,0,0,0,0
1891,3010,1,0,1,0,1
1892,5790,0,0,0,0,0
1893,6892,1,0,0,1,0
1894,1743,0,0,0,0,0
1895,3578,0,0,0,0,0
1896,8462,0,0,1,0,0
1897,5558,0,0,0,0,1
1898,4619,0,0,0,0,0
1899,8780,0,0,0,0,0
1900,10789,0,0,0,0,0
1901,10779,0,0,0,0,0
1902,5896,0,0,0,0,0
1903,2337,0,0,0,0,0
1904,10951,0,0,0,1,0
1905,544,0,0,0,0,0
1906,17,0,0,0,0,0
1907,10680,0,0,0,0,0
1908,3265,0,0,0,0,0
1909,5623,0,0,1,0,0
1910,5832,0,0,0,0,0
1911,5544,0,0,0,1,0
1912,6417,0,0,0,0,0
1913,5831,1,0,0,1,0
1914,7101,0,0,0,0,0
1915,10176,0,1,0,1,0
1916,2326,0,0,0,0,0
1917,4385,0,0,0,0,0
1918,2929,0,0,0,0,0
1919,10686,0,0,0,0,0
1920,2546,0,0,0,0,0
1921,3283,0,0,0,0,0
1922,3138,1,1,0,1,1
1923,4994,0,0,0,0,1
1924,7966,0,0,0,0,0
1925,3112,0,0,0,0,0
1926,10872,0,1,0,1,0
1927,2181,0,0,0,0,0
1928,1867,0,0,0,0,0
1929,1518,0,0,0,0,0
1930,5734,0,0,0,0,0
1931,2878,0,0,0,0,0
1932,1458,0,0,0,0,0
1933,7007,0,0,0,0,0
1934,6200,0,0,0,0,0
1935,1403,0,0,0,0,0
1936,4827,0,0,0,0,0
1937,6250,0,0,0,0,0
1938,9291,0,0,0,0,0
1939,2478,0,0,0,0,0
1940,1139,1,0,1,0,1
1941,5138,0,0,0,0,0
1942,5393,0,0,0,0,0
1943,10413,0,0,0,0,0
1944,5015,0,0,0,0,0
1945,10868,0,0,0,0,0
1946,10676,0,0,0,0,0
1947,2495,0,0,0,0,0
1948,7842,0,0,0,0,0
1949,9955,0,0,0,0,0
1950,6663,0,0,0,0,0
1951,2162,0,0,0,0,0
1952,3434,0,0,0,0,0
1953,7919,0,0,0,0,0
1954,5626,0,0,0,0,0
1955,6428,0,0,0,0,0
1956,8514,0,0,0,0,0
1957,10448,0,0,1,0,0
1958,2109,0,0,0,0,1
1959,7530,0,0,0,0,0
1960,8925,0,0,0,0,0
1961,3009,0,1,0,1,1
1962,6355,0,0,0,0,0
1963,3517,0,0,0,0,0
1964,1158,0,0,0,0,0
1965,6203,0,0,0,0,0
1966,7165,0,0,0,0,0
1967,3595,0,0,0,0,0
1968,8537,1,0,0,0,0
1969,4331,0,0,0,1,1
1970,6281,0,0,1,0,0
1971,4338,0,0,1,0,0
1972,2452,0,0,0,0,0
1973,9507,0,0,0,0,0
1974,8360,0,0,0,0,0
1975,10311,0,0,0,0,0
1976,5117,0,0,0,0,0
1977,4867,0,0,0,0,0
1978,9289,0,0,0,0,0
1979,10913,0,0,1,0,0
1980,3032,0,0,0,0,0
1981,8524,0,0,0,0,0
1982,3334,1,0,0,0,1
1983,4470,0,0,0,0,0
1984,1406,0,0,0,0,0
1985,8619,0,0,0,0,0
1986,10821,0,0,0,0,0
1987,4552,0,0,0,0,0
1988,898,0,0,0,0,0
1989,9797,0,0,0,0,0
1990,10949,1,0,0,0,0
1991,8212,0,0,0,0,0
1992,6248,0,0,0,0,1
1993,10164,0,0,0,1,1
1994,4547,0,0,0,0,0
1995,6815,1,0,1,0,1
1996,4122,1,0,0,0,0
1997,10841,0,0,0,0,0
1998,5370,0,0,1,0,0
1999,176,0,0,0,0,0
2000,4860,0,0,0,0,0
2001,10757,0,0,0,0,0
2002,4023,0,0,0,0,0
2003,6679,0,0,0,0,0
2004,9923,0,0,0,0,0
2005,7181,0,0,0,0,0
2006,3599,0,0,0,0,0
2007,405,0,0,1,0,0
2008,6870,0,0,0,0,0
2009,832,0,0,0,0,0
2010,2002,0,0,0,0,0
2011,3657,0,0,0,0,0
2012,500,1,0,0,1,1
2013,1951,0,0,0,0,0
2014,3262,0,0,0,0,0
2015,4102,0,0,0,0,0
2016,7042,0,0,0,0,0
2017,10598,0,0,0,0,0
2018,255,0,0,0,0,0
2019,2375,0,0,0,0,0
2020,9829,0,0,0,0,0
2021,6214,0,0,0,0,0
2022,4954,0,0,0,0,0
2023,7861,0,0,0,0,0
2024,4837,0,0,0,0,0
2025,9423,0,0,0,0,0
2026,4198,0,0,0,0,0
2027,153,0,0,0,0,0
2028,9323,0,0,1,0,0
2029,10001,0,0,0,0,0
2030,3945,0,0,1,0,0
2031,3799,0,0,0,0,0
2032,8625,0,0,0,0,0
2033,3491,0,0,0,0,0
2034,983,0,0,1,0,0
2035,9119,0,0,0,0,0
2036,4786,0,0,0,0,0
2037,5872,0,0,0,0,0
2038,6568,0,0,0,0,0
2039,5628,0,0,1,0,0
2040,5631,0,0,0,0,0
2041,4974,0,0,0,0,0
2042,8416,0,0,0,0,0
2043,5454,0,0,0,0,0
2044,4095,0,0,0,0,0
2045,5474,0,0,0,0,0
2046,4268,0,0,0,0,0
2047,10701,1,0,0,0,1
2048,3507,0,0,0,0,0
2049,2079,0,0,0,0,0
2050,626,0,0,0,0,0
2051,4426,1,0,0,0,0
2052,2591,0,0,0,0,0
2053,10509,0,0,0,0,0
2054,6382,0,0,0,0,0
2055,6673,0,0,0,0,0
2056,7441,0,0,0,0,0
2057,1071,0,0,0,0,0
2058,10061,0,0,0,0,0
2059,7187,0,0,0,0,0
2060,8775,0,0,0,0,0
2061,1612,0,0,0,0,0
2062,2345,0,0,0,0,0
2063,322,0,0,0,0,0
2064,10897,0,0,0,0,0
2065,123,0,0,0,0,0
2066,6103,0,0,0,0,0
2067,7899,0,0,0,0,0
2068,10500,0,0,0,0,0
2069,1655,0,0,0,0,0
2070,2406,0,0,0,0,0
2071,2712,0,0,0,0,0
2072,5517,0,0,0,0,0
2073,10643,0,0,0,0,0
2074,2254,0,0,0,0,0
2075,10281,0,0,0,0,0
2076,6958,0,0,0,0,0
2077,954,0,0,0,0,0
2078,5079,0,0,0,0,0
2079,10339,0,0,0,0,0
2080,4643,0,0,0,0,0
2081,3117,0,0,0,0,0
2082,6497,0,0,0,0,0
2083,5396,0,0,0,0,0
2084,5250,0,0,0,0,1
2085,1052,0,0,0,0,0
2086,2802,0,0,0,0,0
2087,6343,0,0,0,1,0
2088,6507,0,0,0,0,0
2089,7901,0,0,0,0,0
2090,4865,0,0,0,0,0
2091,2686,0,0,0,0,0
2092,3107,0,0,0,0,0
2093,7734,1,0,0,0,1
2094,1146,0,0,1,0,0
2095,11031,0,0,0,0,0
2096,7428,0,0,0,0,0
2097,975,0,0,0,0,0
2098,1103,0,0,1,0,1
2099,3422,0,1,0,1,0
2100,1055,0,0,0,0,0
2101,6544,0,0,0,0,0
2102,1241,0,0,0,0,0
2103,2909,0,0,0,1,1
2104,5802,0,0,0,0,0
2105,1407,0,0,0,0,0
2106,6183,0,0,0,0,0
2107,340,0,0,1,0,0
2108,5991,0,0,0,0,0
2109,3104,0,0,0,0,1
2110,9729,0,0,0,0,0
2111,1008,0,0,1,0,0
2112,11091,0,0,0,0,0
2113,3969,0,0,0,0,0
2114,1916,0,0,0,0,0
2115,9907,0,0,0,0,0
2116,87,0,0,0,0,0
2117,8659,0,0,0,0,0
2118,6262,0,0,0,0,0
2119,6147,0,0,0,0,0
2120,8832,0,0,0,0,0
2121,10067,0,0,0,0,0
2122,7532,0,0,0,0,0
2123,4915,0,0,0,0,0
2124,2115,0,0,0,1,0
2125,2088,0,1,0,1,1
2126,2493,0,0,0,0,0
2127,6292,0,0,0,0,1
2128,1631,0,0,0,0,0
2129,10104,0,0,0,0,0
2130,3006,0,0,0,0,0
2131,3919,1,0,0,0,0
2132,11181,0,0,0,0,0
2133,642,0,0,0,0,0
2134,4369,0,0,0,0,0
2135,10127,0,0,0,0,0
2136,271,0,0,1,0,0
2137,4973,0,0,0,0,0
2138,2948,0,0,0,0,0
2139,2715,0,0,0,0,0
2140,10432,0,0,0,0,0
2141,9216,0,0,0,0,0
2142,7124,0,0,0,0,0
2143,9727,0,0,0,0,0
2144,5136,0,0,0,1,1
2145,9790,0,0,0,0,1
2146,1818,0,0,0,0,0
2147,1100,0,0,0,0,0
2148,7873,0,0,0,0,0
2149,10609,0,0,0,0,0
2150,6950,0,0,0,0,0
2151,7233,1,0,0,0,0
2152,9481,0,0,0,0,0
2153,7699,0,0,1,0,0
2154,2711,0,0,0,0,0
2155,8933,0,0,0,0,0
2156,8726,0,0,0,0,0
2157,1515,0,0,0,0,0
2158,5186,0,0,0,1,0
2159,10157,0,0,0,0,0
2160,5667,0,0,0,0,0
2161,902,0,0,0,0,0
2162,977,0,0,0,0,0
2163,7313,1,0,0,0,0
2164,7600,0,0,0,0,0
2165,9706,0,0,0,0,0
2166,2429,0,0,0,0,0
2167,3520,1,1,1,0,1
2168,10394,1,0,1,0,1
2169,4548,0,0,0,0,0
2170,9362,0,0,0,1,0
2171,3968,0,1,0,1,1
2172,4084,0,0,0,0,0
2173,6721,0,0,0,0,0
2174,2829,1,0,0,1,0
2175,1772,1,0,0,0,1
2176,1544,0,0,0,0,0
2177,492,0,0,0,0,0
2178,4377,0,0,1,0,0
2179,4541,0,0,0,0,0
2180,1321,0,0,0,0,0
2181,8858,0,0,0,1,0
2182,3266,0,0,0,0,0
2183,11187,0,0,0,0,0
2184,8207,0,0,0,0,0
2185,9723,0,0,0,1,0
2186,2666,0,0,0,1,0
2187,5721,0,0,0,0,1
2188,10652,0,0,0,0,0
2189,1646,0,0,0,0,0
2190,4418,0,0,0,0,0
2191,2656,0,0,0,0,0
2192,7990,0,0,0,0,0
2193,8722,1,0,1,0,0
2194,7118,0,0,1,0,0
2195,2980,0,0,0,0,0
2196,1839,0,0,0,0,0
2197,10722,0,0,1,0,0
2198,2632,0,0,1,0,0
2199,9014,0,0,0,0,0
2200,7620,0,0,0,0,0
2201,10968,0,0,0,0,0
2202,11133,0,0,0,0,0
2203,2736,0,0,0,0,0
2204,1876,0,0,0,0,0
2205,5959,0,0,0,0,0
2206,1092,0,0,0,0,0
2207,4333,0,0,0,1,0
2208,3850,0,0,0,0,0
2209,6168,0,0,0,0,0
2210,607,0,0,0,0,0
2211,10469,0,0,0,0,0
2212,6983,0,0,0,0,0
2213,3661,0,0,0,0,0
2214,9303,0,0,0,0,0
2215,692,0,0,0,0,0
2216,736,0,0,0,0,0
2217,9589,0,0,0,0,0
2218,4838,0,0,0,0,0
2219,9246,0,0,0,0,0
2220,6261,0,0,0,0,0
2221,7366,0,0,0,1,1
2222,10659,0,0,0,0,0
2223,1448,0,0,0,0,0
2224,4286,0,0,1,0,0
2225,4749,0,0,0,0,0
2226,4478,0,0,0,0,0
2227,4201,0,0,0,0,0
2228,8720,0,0,0,1,0
2229,10084,0,0,0,0,0
2230,7004,0,0,1,0,0
2231,9817,0,0,0,0,0
2232,8080,0,0,0,0,0
2233,9432,0,0,0,0,0
2234,8372,0,0,0,0,0
2235,10870,0,0,0,0,0
2236,4001,1,0,0,0,0
2237,7270,0,0,0,1,0
2238,8235,0,0,0,0,0
2239,9405,0,0,0,0,0
