,id,numdealspurchases,numwebpurchases,numcatalogpurchases,numstorepurchases,numwebvisitsmonth,recency
0,5524,3,8,10,4,7,58
1,2174,2,1,1,2,5,38
2,4141,1,8,2,10,4,26
3,6182,2,2,0,4,6,26
4,5324,5,5,3,6,5,94
5,7446,2,6,4,10,6,16
6,965,4,7,3,7,6,34
7,6177,2,4,0,4,8,32
8,4855,1,3,0,2,9,19
9,5899,1,1,0,0,20,68
10,1994,1,1,0,2,7,11
11,387,1,2,0,3,8,59
12,2125,1,3,4,8,2,82
13,8180,3,6,1,5,6,53
14,2569,1,1,0,3,8,38
15,2114,1,7,6,12,3,23
16,9736,3,3,0,3,8,51
17,4939,2,4,1,6,7,20
18,6565,2,11,4,9,5,91
19,2278,2,2,1,3,6,86
20,9360,1,4,2,5,8,41
21,5376,15,0,28,0,1,42
22,1993,3,2,3,9,8,63
23,4047,3,6,2,9,4,0
24,1409,7,7,1,5,8,69
25,7892,2,2,1,3,7,89
26,2404,4,5,1,4,7,4
27,5255,0,27,0,0,1,19
28,9422,2,2,1,4,3,26
29,1966,1,6,9,10,2,96
30,6864,2,3,0,3,5,34
31,3033,1,2,5,3,3,56
32,5710,2,2,1,4,5,31
33,7373,6,4,1,6,6,8
34,8755,1,3,5,9,7,4
35,10738,1,2,0,3,7,55
36,4339,5,5,6,12,2,37
37,10755,3,3,1,2,7,76
38,8595,2,1,1,3,5,99
39,2968,2,7,10,5,6,53
40,8601,2,8,6,5,4,3
41,503,2,2,0,3,8,88
42,8430,1,0,0,3,5,4
43,7281,1,1,3,4,2,80
44,2139,3,2,0,3,5,19
45,1371,1,2,4,9,1,72
46,9909,3,3,1,3,9,24
47,7286,1,2,0,2,10,92
48,7244,3,2,1,4,6,96
49,6566,9,5,2,12,8,39
50,8614,1,4,2,10,2,29
51,4114,1,6,9,13,3,2
52,1331,2,2,0,3,7,54
53,2225,1,4,9,7,1,54
54,9381,7,4,2,10,3,57
55,6260,1,3,10,13,1,55
56,10383,1,5,5,10,3,30
57,7437,1,1,0,4,3,31
58,8557,2,2,0,3,6,57
59,8375,3,8,2,6,7,63
60,6853,1,3,6,11,1,12
61,3076,4,4,2,12,3,18
62,1012,4,8,2,10,7,26
63,6518,1,7,3,8,5,8
64,4137,1,7,4,4,4,29
65,8082,1,1,1,2,7,75
66,1386,1,1,0,2,7,0
67,9369,1,11,10,10,5,19
68,4477,1,5,2,10,4,4
69,1357,7,2,5,5,5,90
70,1402,3,4,8,6,3,1
71,10629,3,3,0,3,8,25
72,6312,4,10,3,13,7,29
73,8132,5,9,2,8,7,88
74,1050,1,2,1,4,2,58
75,5846,1,1,0,2,6,68
76,1859,1,7,6,5,5,34
77,7503,0,5,8,9,4,40
78,10401,1,0,0,3,3,12
79,1618,2,10,1,8,8,9
80,3332,4,3,1,4,8,87
81,2261,1,1,0,2,7,5
82,5346,3,3,0,3,7,87
83,4119,1,2,5,3,3,56
84,535,1,3,10,13,1,18
85,5268,2,1,0,4,7,95
86,273,5,3,1,4,7,48
87,4452,4,6,1,6,7,3
88,8504,1,5,6,7,2,70
89,771,1,2,2,5,2,79
90,8996,12,7,2,8,9,4
91,9235,1,1,0,2,7,45
92,5798,1,2,4,8,1,87
93,11178,1,1,0,3,7,69
94,2230,3,3,1,3,5,84
95,7516,1,2,0,3,6,30
96,7247,5,7,4,6,6,72
97,11100,2,2,0,3,7,37
98,4646,1,5,7,12,2,44
99,3037,2,5,2,7,5,32
100,1473,2,2,0,3,8,0
101,1016,2,2,0,3,6,43
102,4518,2,9,5,11,5,59
103,9370,1,6,3,6,4,68
104,8908,1,3,11,5,1,35
105,8373,1,1,0,3,5,94
106,7533,4,4,1,4,7,15
107,2683,4,6,4,12,6,56
108,3629,2,3,1,3,7,17
109,10991,1,5,4,4,2,18
110,5077,1,6,6,11,3,46
111,7431,1,7,4,5,9,40
112,3267,3,8,1,8,6,27
113,999,1,6,7,11,3,95
114,9215,5,6,4,6,7,19
115,2286,2,2,1,3,6,27
116,1592,0,4,6,5,1,25
117,367,5,9,1,5,9,74
118,5234,2,1,1,3,5,85
119,9862,2,2,0,3,6,37
120,9805,4,6,2,10,4,65
121,6205,3,2,1,3,5,13
122,8442,2,1,0,3,7,63
123,7386,1,1,0,3,7,83
124,7215,0,6,8,13,2,69
125,1491,2,3,4,7,1,87
126,11071,1,3,6,6,1,37
127,3381,2,2,0,4,6,51
128,8268,3,6,1,7,6,23
129,11051,4,6,3,10,4,72
130,8026,5,5,4,5,5,10
131,433,5,11,1,6,8,42
132,9597,1,7,2,9,4,10
133,1295,1,6,5,7,4,96
134,5290,5,5,1,5,8,51
135,1685,1,4,5,13,3,21
136,5342,2,1,0,3,8,31
137,9579,3,2,2,2,8,61
138,7660,2,1,1,2,5,37
139,1461,2,2,0,3,7,74
140,821,1,5,4,12,2,46
141,11084,2,3,5,7,7,4
142,8690,1,5,7,10,2,73
143,2937,3,8,5,9,6,47
144,9701,3,4,2,3,7,13
145,9949,3,3,3,6,8,36
146,10837,1,2,0,3,6,47
147,3120,1,1,0,2,8,49
148,5885,7,4,1,4,8,94
149,4050,1,2,1,4,3,65
150,3830,1,4,4,7,3,59
151,7987,4,8,1,6,6,96
152,7798,4,7,1,5,7,28
153,92,4,3,0,4,6,12
154,7055,2,8,5,11,5,57
155,10240,1,10,4,6,4,10
156,3025,3,6,1,5,7,4
157,9283,1,0,0,3,4,49
158,9970,1,1,1,6,2,3
159,2730,1,3,4,10,1,64
160,2795,1,1,0,2,7,0
161,9260,2,10,6,9,6,20
162,8182,4,3,0,4,8,91
163,10095,1,5,4,10,2,9
164,8475,15,0,22,0,0,98
165,4370,3,2,0,4,6,83
166,10573,1,6,7,4,3,27
167,3712,1,3,2,6,4,63
168,6637,1,3,4,7,1,46
169,3152,3,2,1,3,5,84
170,5610,2,1,0,3,7,58
171,6460,2,2,0,3,8,78
172,1349,1,3,1,3,6,4
173,1880,2,2,1,3,5,17
174,641,1,2,2,2,4,77
175,8717,1,11,8,8,5,56
176,10314,1,9,10,5,4,79
177,10854,2,2,0,3,7,90
178,10492,1,0,0,3,2,96
179,6935,1,5,7,12,2,44
180,7698,1,4,1,4,5,81
181,3559,3,2,1,3,6,77
182,10562,1,6,4,13,2,21
183,10796,1,1,1,3,6,16
184,2563,1,2,0,3,6,80
185,3518,1,1,1,2,9,45
186,5823,2,1,0,4,5,63
187,3934,2,7,1,8,5,34
188,6982,1,4,10,9,2,14
189,6431,2,2,0,3,7,13
190,9733,1,1,1,2,6,52
191,5602,1,8,7,12,3,98
192,7829,1,2,1,2,5,99
193,1324,2,3,0,3,8,93
194,326,4,5,1,6,6,38
195,7224,2,1,1,2,8,24
196,6999,1,7,3,12,3,80
197,9938,1,4,6,6,2,82
198,6422,1,5,6,5,2,20
199,3182,6,5,1,3,8,81
200,7300,3,8,1,7,5,50
201,10424,1,4,4,9,1,60
202,8727,3,11,6,9,6,63
203,2798,0,7,9,10,4,54
204,1030,2,1,0,3,7,72
205,624,1,0,1,2,6,5
206,5176,1,1,0,3,9,88
207,5552,6,4,2,5,6,50
208,868,1,2,0,3,6,99
209,380,5,11,4,9,8,17
210,2677,5,3,1,6,4,11
211,6521,1,4,6,9,1,18
212,6927,8,5,1,5,8,70
213,2877,10,7,1,8,7,21
214,0,1,3,4,9,1,66
215,1584,6,8,1,5,8,79
216,7264,1,1,0,2,8,2
217,6274,1,8,10,6,3,81
218,1377,2,4,1,5,7,24
219,454,2,11,4,11,6,48
220,1755,1,1,1,4,3,93
221,2075,1,3,5,7,1,56
222,4785,2,6,3,11,3,3
223,9076,4,4,1,4,8,44
224,7079,5,9,6,12,6,38
225,4653,4,3,1,4,8,46
226,7375,2,8,2,4,8,84
227,709,3,2,2,11,8,27
228,460,1,3,5,8,2,72
229,3726,1,1,0,2,8,66
230,6798,9,5,1,8,7,30
231,5341,1,6,3,4,7,2
232,1606,1,1,0,2,8,65
233,9617,1,1,0,3,3,37
234,3233,3,7,8,11,5,89
235,89,2,2,0,4,6,49
236,2936,1,1,0,3,7,46
237,9449,1,5,2,11,3,32
238,7297,4,3,1,3,7,54
239,11004,1,1,0,2,4,23
240,313,1,6,5,10,3,98
241,9940,2,6,4,4,3,97
242,10735,1,2,0,2,9,75
243,9529,1,3,9,9,2,8
244,6439,7,11,5,8,7,37
245,7411,2,1,0,3,6,31
246,2176,2,5,3,6,6,40
247,9265,2,9,4,6,5,74
248,8867,1,4,10,5,3,90
249,8932,4,9,6,6,6,57
250,10236,2,2,0,3,8,59
251,6340,2,1,0,3,6,52
252,10089,1,6,9,13,2,5
253,2227,2,3,1,5,6,92
254,10992,5,4,6,11,8,77
255,5304,2,1,0,3,6,35
256,309,3,8,3,5,6,48
257,3406,4,3,2,7,3,97
258,2661,4,2,0,4,5,95
259,3153,1,1,0,2,8,24
260,10264,2,1,1,2,7,60
261,1184,3,10,2,10,5,46
262,4200,4,4,1,6,5,85
263,9396,1,1,0,2,9,31
264,2387,6,5,2,4,8,9
265,6690,4,3,1,3,7,30
266,1225,1,3,7,8,1,47
267,9703,4,3,2,2,7,70
268,291,1,3,3,6,1,13
269,4557,2,2,2,2,6,11
270,2379,2,3,4,5,7,31
271,5726,3,3,0,4,5,15
272,3066,2,4,2,4,5,2
273,6336,4,2,0,4,6,55
274,10967,3,2,0,4,7,38
275,2304,2,6,3,12,4,86
276,3445,2,7,4,10,5,56
277,7828,1,3,3,5,1,29
278,3762,1,3,5,8,1,30
279,4391,1,9,3,9,6,64
280,4669,3,3,0,4,7,46
281,10144,2,8,2,4,8,84
282,8652,2,4,1,6,7,20
283,1672,1,5,1,8,2,74
284,8962,2,2,0,3,5,18
285,9974,1,3,1,2,7,75
286,10983,1,6,3,13,3,17
287,8148,13,6,2,12,5,88
288,10102,1,5,11,5,3,19
289,4697,3,7,1,5,8,62
290,9262,1,1,0,3,7,11
291,7254,3,3,1,3,7,74
292,4543,1,2,7,9,4,32
293,4927,3,3,0,3,9,76
294,10451,1,0,0,3,6,6
295,2926,3,3,6,11,8,62
296,2874,1,1,0,3,7,20
297,9738,1,3,0,3,8,43
298,7119,1,2,3,6,1,45
299,3924,5,8,3,12,5,34
300,5827,4,3,1,3,5,53
301,5596,1,9,2,9,6,44
302,10812,1,2,1,3,4,89
303,1717,3,5,1,4,8,43
304,9491,3,3,1,3,7,68
305,9274,1,6,7,9,2,44
306,6609,1,3,0,3,9,64
307,6963,1,2,5,10,1,85
308,4440,1,8,3,6,7,93
309,1379,1,4,2,4,4,12
310,10032,4,3,1,3,6,86
311,2826,2,2,0,3,7,28
312,2437,1,6,5,12,3,69
313,6320,1,6,6,10,3,42
314,3050,6,3,1,6,4,13
315,231,2,2,0,3,5,86
316,2392,2,3,0,3,7,59
317,9478,2,4,3,6,3,30
318,113,2,1,0,3,5,33
319,2863,6,2,3,10,7,67
320,1802,3,3,3,12,2,23
321,520,1,1,0,2,7,81
322,8275,1,1,0,2,7,6
323,9750,5,10,3,5,7,41
324,2607,6,8,2,8,8,78
325,7214,1,4,8,5,3,49
326,5835,3,2,0,4,8,39
327,3896,1,1,0,3,7,3
328,10350,1,1,0,3,4,37
329,7786,4,3,1,4,8,22
330,2861,1,1,0,2,8,79
331,663,1,1,1,3,4,46
332,10675,2,9,3,5,5,82
333,2521,1,1,1,2,7,10
334,9592,2,2,0,3,8,51
335,10151,1,4,5,12,3,38
336,7381,1,11,4,6,4,10
337,4099,1,1,0,3,8,14
338,9560,1,7,6,8,3,18
339,1150,1,4,6,4,1,36
340,10172,1,4,5,11,3,95
341,11191,1,2,1,4,6,11
342,9707,3,4,2,11,8,65
343,6245,2,3,5,8,3,71
344,8234,1,1,0,2,8,13
345,1411,1,2,9,4,1,58
346,8553,2,1,0,3,6,65
347,1826,1,4,4,6,1,0
348,8842,3,2,0,3,7,33
349,11030,1,1,0,2,6,90
350,2579,4,6,7,9,4,95
351,175,2,8,4,8,4,93
352,9185,3,4,6,5,3,38
353,11056,1,3,4,10,1,18
354,9365,5,11,3,5,6,57
355,6201,2,2,0,3,7,45
356,2061,1,2,0,4,6,61
357,6184,1,3,3,8,1,6
358,6142,1,5,3,5,2,65
359,4107,2,4,6,4,5,52
360,7274,1,4,7,10,2,87
361,9336,3,6,2,10,4,38
362,2958,3,2,1,4,4,53
363,933,1,1,0,2,9,31
364,5837,7,6,3,6,7,67
365,10704,2,6,2,9,4,65
366,5125,1,4,10,11,2,64
367,4432,2,2,0,3,7,82
368,5955,1,4,3,8,3,27
369,2928,2,2,4,8,8,63
370,5680,1,1,0,3,6,66
371,10313,6,5,1,4,8,69
372,2557,1,1,1,2,4,52
373,1245,4,4,3,12,8,45
374,1519,3,3,0,3,8,2
375,10703,4,3,2,2,8,86
376,1726,1,1,1,2,9,23
377,4459,1,1,0,3,8,13
378,1729,2,3,5,10,6,14
379,1517,1,1,0,3,7,92
380,2098,1,1,0,2,8,38
381,9543,1,0,0,3,7,74
382,6878,3,4,1,6,7,14
383,3310,7,4,1,4,8,94
384,2724,1,0,1,2,3,33
385,948,3,1,2,2,5,32
386,6720,3,7,3,4,7,11
387,6202,4,4,5,13,2,78
388,2066,1,2,1,3,6,56
389,9799,3,2,2,12,5,57
390,8318,0,5,6,8,1,7
391,5642,2,3,1,6,4,0
392,2669,1,5,4,6,2,66
393,455,1,4,1,4,6,86
394,7683,3,5,3,12,3,80
395,3428,1,4,9,10,2,56
396,7414,4,3,1,4,8,18
397,6354,2,1,1,2,8,51
398,798,1,1,0,3,7,71
399,8213,4,2,2,3,7,71
400,2488,4,2,1,3,6,80
401,9999,1,9,4,9,5,2
402,7617,5,2,1,5,5,83
403,615,1,5,1,4,7,29
404,2552,9,6,3,6,7,11
405,194,1,1,0,3,6,55
406,3645,3,2,0,4,8,19
407,8890,3,5,1,5,6,1
408,5049,1,3,0,2,9,19
409,9973,3,7,1,8,7,28
410,7301,2,3,0,3,8,76
411,10882,4,4,3,6,4,50
412,7030,3,11,9,12,6,1
413,7422,3,5,1,7,7,90
414,3523,2,5,4,8,3,83
415,7106,1,3,5,10,1,73
416,6504,3,2,1,3,5,24
417,5067,1,2,7,11,5,11
418,4216,1,7,9,9,3,33
419,8581,9,10,2,8,8,4
420,5929,2,2,0,3,7,14
421,3129,1,2,0,3,6,30
422,6528,1,1,0,2,8,75
423,1361,1,3,4,8,1,26
424,6932,0,7,10,5,2,77
425,7284,1,1,0,2,8,8
426,1340,1,6,7,13,1,42
427,8746,2,2,5,10,6,28
428,5987,2,1,0,4,5,52
429,3767,2,5,5,12,3,1
430,3725,1,2,4,9,4,1
431,4324,5,8,1,7,8,42
432,238,15,9,6,9,7,76
433,6694,1,8,3,13,4,27
434,498,2,1,0,4,5,28
435,9347,1,1,0,3,5,49
436,9699,3,6,2,12,5,12
437,10664,2,9,1,5,8,14
438,5455,3,2,1,4,7,89
439,456,2,2,0,3,8,96
440,5012,1,1,0,3,8,56
441,7495,2,2,1,5,4,72
442,5029,1,0,0,3,5,14
443,10642,1,1,0,3,8,13
444,2106,1,1,0,3,8,99
445,10364,1,1,0,2,8,72
446,5954,2,5,0,4,8,92
447,1137,1,4,5,7,1,87
448,2541,2,2,0,3,8,7
449,1142,2,3,2,9,3,91
450,2276,5,4,7,11,3,71
451,2807,3,8,9,7,7,24
452,6471,1,2,0,4,5,17
453,6131,2,4,2,8,3,87
454,6233,3,9,5,10,7,21
455,4148,7,5,1,6,8,90
456,4947,1,7,7,9,4,44
457,3225,4,4,1,5,6,71
458,7540,2,2,1,8,2,52
459,10648,1,5,7,6,3,78
460,1992,4,2,2,8,7,2
461,7851,1,3,7,11,1,60
462,8594,2,3,1,3,6,25
463,7059,1,3,7,8,1,47
464,2815,2,4,0,3,7,46
465,2416,1,2,8,9,1,83
466,7999,1,5,6,5,2,17
467,9213,1,1,0,2,8,13
468,9697,3,7,2,8,6,86
469,3916,3,7,3,12,7,92
470,2021,4,6,10,13,4,47
471,1581,1,1,0,2,8,18
472,564,7,8,6,9,6,81
473,6619,2,1,0,3,7,91
474,9081,1,1,1,2,5,58
475,178,4,8,3,11,5,40
476,916,2,1,0,3,3,67
477,5512,1,7,1,8,5,19
478,8970,4,6,2,7,5,93
479,10581,7,7,3,4,8,41
480,5300,1,2,1,2,7,60
481,5154,1,2,0,3,6,54
482,8346,2,6,2,2,9,26
483,1676,4,4,2,5,5,30
484,9286,1,5,9,4,3,93
485,2426,1,5,10,13,3,35
486,5172,2,3,5,7,7,4
487,5562,2,7,2,10,6,92
488,3436,1,1,0,3,7,24
489,3921,1,4,1,4,8,96
490,3403,2,2,5,12,6,11
491,22,2,6,1,5,8,99
492,10965,1,3,5,13,6,72
493,9426,4,2,6,3,8,77
494,6605,1,9,4,6,7,85
495,3136,3,5,3,11,5,88
496,8737,1,2,0,3,3,22
497,11088,1,4,9,4,6,83
498,716,3,6,7,11,3,63
499,466,1,4,3,13,2,9
500,9135,2,1,1,2,8,92
501,10623,1,1,0,3,5,2
502,8151,1,4,1,3,8,6
503,5140,2,4,3,12,8,66
504,10160,1,1,0,3,5,49
505,4945,2,10,4,12,6,29
506,10584,1,5,10,8,3,77
507,6071,1,3,7,11,1,77
508,3386,1,2,1,4,7,71
509,8939,6,5,2,12,5,49
510,9925,3,4,2,3,7,97
511,4320,1,6,4,12,3,6
512,5389,3,6,2,5,7,93
513,6036,1,5,6,7,1,78
514,182,4,6,2,5,8,62
515,203,1,5,7,9,2,47
516,11025,4,3,1,3,8,9
517,10203,1,1,0,3,7,77
518,4607,1,4,5,7,2,24
519,3711,1,6,3,10,3,19
520,3696,2,2,0,3,7,67
521,2532,1,2,4,6,5,95
522,9214,1,5,1,6,5,48
523,4943,1,2,4,9,6,73
524,35,3,2,2,3,6,35
525,2258,1,1,0,3,8,76
526,4322,1,4,5,10,2,20
527,713,1,4,4,6,3,72
528,4702,1,4,8,4,8,20
529,3281,6,4,1,8,6,69
530,702,4,4,3,8,5,80
531,2004,1,4,7,5,1,65
532,4769,7,8,2,6,7,52
533,4437,2,3,2,5,4,65
534,8724,2,2,0,3,6,57
535,10741,4,6,1,5,7,70
536,1991,1,2,1,3,5,0
537,6931,1,8,3,4,4,19
538,11096,2,2,1,7,2,50
539,304,3,3,0,3,7,67
540,3665,3,3,0,3,8,46
541,10591,2,4,1,4,7,37
542,5036,2,4,5,3,6,38
543,5547,1,7,6,6,3,9
544,7822,2,4,6,8,3,56
545,8541,2,2,0,4,5,98
546,10955,1,3,6,4,1,68
547,4368,1,3,0,4,6,72
548,9671,4,3,1,2,8,47
549,2256,2,1,0,3,6,33
550,4279,2,1,1,3,3,87
551,5371,2,3,1,2,7,0
552,9240,2,6,2,8,6,73
553,9460,1,3,2,2,8,74
554,9504,1,3,8,13,1,4
555,8692,6,4,1,5,8,50
556,448,2,6,2,11,5,57
557,8314,1,5,6,7,2,30
558,8420,2,2,0,4,5,27
559,3174,1,5,10,4,6,61
560,7685,1,2,0,4,5,4
561,3179,0,6,6,7,2,75
562,9780,2,8,3,13,4,12
563,10681,5,6,3,12,4,13
564,10232,3,3,2,7,3,9
565,4184,2,3,2,5,4,48
566,9120,4,4,2,9,8,80
567,891,1,1,0,2,5,60
568,10381,1,1,0,2,6,43
569,3525,1,1,0,2,7,19
570,6818,5,5,1,5,6,26
571,3526,2,1,0,3,7,58
572,8181,3,4,1,3,8,42
573,1029,1,5,1,5,5,27
574,7369,2,2,0,3,8,56
575,2574,3,6,4,8,5,27
576,8159,3,4,1,3,7,10
577,1160,4,3,0,3,8,48
578,10242,2,2,0,4,5,39
579,5253,6,4,2,4,7,85
580,5966,5,3,1,6,6,64
581,5314,7,7,1,5,8,69
582,5081,1,1,0,3,8,54
583,5123,1,2,1,3,7,57
584,5756,2,2,0,3,6,64
585,8036,4,2,1,4,4,10
586,9058,1,5,11,5,3,65
587,5057,2,4,4,10,2,74
588,254,3,7,1,7,7,4
589,4179,1,1,1,3,4,94
590,3710,2,2,1,2,7,41
591,7627,0,5,11,5,2,25
592,4501,1,3,7,9,1,94
593,6424,1,1,0,3,4,9
594,3075,1,3,4,7,1,47
595,4992,3,3,1,2,7,12
596,5252,1,2,0,3,7,80
597,7444,2,1,0,3,8,20
598,6919,3,2,1,3,6,39
599,3537,3,3,0,4,8,57
600,10277,1,1,0,3,7,27
601,2453,3,5,3,12,5,83
602,7972,1,3,4,9,1,79
603,895,3,5,2,10,5,69
604,1177,4,3,1,3,7,77
605,7141,4,5,1,2,10,15
606,7232,2,1,1,3,5,99
607,8477,1,1,0,3,7,61
608,2457,2,1,0,3,7,23
609,988,1,6,4,7,3,84
610,7930,2,3,1,6,6,74
611,4587,1,3,1,7,3,90
612,6682,1,1,0,3,8,41
613,6222,2,2,0,3,7,28
614,10299,3,6,3,13,5,73
615,3083,5,6,2,5,7,88
616,8953,2,1,0,3,8,94
617,1503,0,0,0,1,1,31
618,8650,1,1,0,3,4,31
619,10862,5,1,2,9,2,6
620,2782,3,6,1,7,6,23
621,6941,1,2,1,2,7,92
622,10972,1,4,3,6,1,52
623,10708,1,1,0,3,7,50
624,6583,1,6,8,6,3,54
625,3641,2,2,0,3,6,93
626,10156,1,8,4,7,3,56
627,4299,7,11,11,5,7,28
628,3469,3,3,0,3,9,94
629,5063,3,4,1,4,9,76
630,10727,2,7,3,13,8,43
631,9624,1,3,4,6,1,46
632,5156,5,6,3,12,4,13
633,4376,1,2,1,3,7,27
634,8923,1,6,7,7,3,12
635,8461,1,1,0,2,7,3
636,6945,1,9,11,11,5,72
637,944,1,4,2,7,4,6
638,1907,5,8,4,9,7,53
639,701,2,6,2,8,2,58
640,3856,4,4,5,13,2,78
641,4149,1,5,9,6,2,57
642,2131,4,9,4,6,6,37
643,2942,2,5,4,4,5,20
644,1173,1,4,2,6,2,73
645,4381,7,3,1,6,6,56
646,4611,0,9,8,13,3,36
647,3376,1,3,1,6,4,9
648,4679,3,7,6,12,4,42
649,10928,2,7,1,7,5,28
650,4248,0,4,6,9,1,23
651,6728,2,1,0,3,9,38
652,6661,5,9,6,12,6,63
653,4725,1,1,1,4,2,71
654,3277,2,7,1,5,8,9
655,5555,0,0,0,0,0,81
656,2564,2,3,1,4,6,87
657,946,2,3,1,5,6,92
658,3867,1,9,3,13,4,36
659,6940,4,3,2,3,6,86
660,55,4,7,2,9,6,83
661,7093,1,0,0,3,7,74
662,5084,1,6,4,13,4,87
663,1777,1,2,0,3,8,29
664,8162,1,1,0,3,6,88
665,10826,1,1,1,2,8,77
666,8754,1,1,0,2,7,25
667,1987,2,2,0,3,6,34
668,11007,1,1,0,3,8,43
669,7426,3,3,1,5,3,76
670,9153,3,7,8,10,5,81
671,10379,5,5,2,9,6,87
672,9204,4,4,3,6,3,33
673,3197,2,6,4,8,4,38
674,2920,2,2,4,8,8,63
675,6961,1,1,0,2,8,26
676,4673,3,10,3,5,5,17
677,9937,1,2,2,12,1,75
678,8779,4,4,1,3,9,13
679,9596,1,3,3,13,2,19
680,2891,2,8,9,4,6,51
681,4910,1,11,5,13,7,81
682,75,1,8,1,5,8,32
683,10120,2,3,1,6,5,84
684,6327,1,2,8,6,1,87
685,10142,2,5,2,11,4,99
686,9826,1,5,6,10,2,96
687,1501,15,0,28,1,0,21
688,10767,1,3,5,12,1,40
689,7279,1,4,6,4,2,3
690,7230,6,4,5,7,6,98
691,143,1,5,3,4,2,73
692,450,3,1,4,4,3,90
693,9316,1,1,0,3,6,29
694,6379,3,2,2,2,7,3
695,9239,1,2,1,4,3,94
696,8315,1,1,0,2,6,65
697,2868,3,2,0,3,8,33
698,10888,2,8,4,6,6,46
699,1277,1,10,7,10,4,29
700,9977,3,9,3,5,4,99
701,10196,2,8,2,8,4,26
702,6384,3,5,2,11,8,30
703,8029,1,3,4,7,1,27
704,968,3,4,1,4,7,24
705,6988,2,8,4,8,4,93
706,4472,1,1,1,3,2,34
707,6991,2,9,3,6,8,88
708,3336,3,2,4,5,7,96
709,4301,1,1,1,2,7,10
710,1940,1,1,0,2,8,26
711,1272,4,7,5,10,5,49
712,1388,2,2,1,3,6,11
713,1044,3,5,4,8,4,44
714,6969,3,4,1,5,7,75
715,10479,1,3,2,5,1,64
716,3619,1,5,3,8,2,19
717,1715,2,2,0,3,7,45
718,10159,6,11,5,9,6,77
719,1463,1,1,0,2,7,9
720,5114,2,5,4,5,4,1
721,4990,1,11,1,8,7,90
722,4329,2,1,0,3,7,43
723,10936,1,5,6,4,3,79
724,4692,5,4,1,2,9,19
725,7212,1,2,0,3,6,99
726,6086,1,6,5,12,2,62
727,437,1,3,8,11,1,41
728,11171,7,6,3,5,7,60
729,11101,1,11,6,8,4,17
730,5329,1,0,0,3,5,24
731,610,8,7,2,6,8,60
732,9384,7,4,2,10,3,57
733,5956,5,6,1,4,8,74
734,10430,3,4,3,4,5,22
735,7875,1,4,8,13,2,46
736,7072,2,8,5,4,4,69
737,6255,1,4,1,7,2,29
738,6516,1,1,0,2,7,37
739,5564,2,7,5,6,4,26
740,5682,4,6,9,11,5,8
741,7458,2,3,0,3,8,26
742,5237,3,2,1,3,5,79
743,7761,2,3,0,4,6,71
744,5278,1,6,9,5,3,83
745,3560,1,4,4,11,1,57
746,7235,3,2,0,4,5,37
747,10548,1,3,8,12,1,30
748,2281,1,1,0,2,7,34
749,4073,1,10,10,7,6,0
750,6974,1,6,10,5,2,89
751,7938,2,3,2,10,3,92
752,7094,1,6,4,13,4,87
753,3667,1,8,5,11,8,20
754,7723,1,8,6,6,3,56
755,3870,1,7,3,13,4,28
756,4012,5,7,6,5,6,55
757,5909,5,3,4,8,8,25
758,10470,2,2,1,3,4,0
759,6488,1,3,2,2,5,86
760,10270,2,3,0,3,7,8
761,6887,2,8,1,8,6,33
762,6406,1,6,4,10,3,13
763,7573,1,2,1,2,7,12
764,4508,1,2,11,5,1,92
765,221,3,3,2,4,6,90
766,5331,1,3,6,7,2,8
767,1911,1,11,5,12,6,6
768,20,1,2,1,4,4,91
769,8786,4,6,1,7,6,52
770,10582,2,5,2,12,2,3
771,1915,1,8,5,6,3,57
772,8897,8,7,3,7,8,9
773,2371,3,2,0,4,7,22
774,4303,0,0,0,1,20,76
775,6825,1,1,0,2,7,86
776,1072,2,2,1,3,6,64
777,4964,1,2,11,4,1,90
778,2461,2,1,0,3,3,79
779,10736,2,6,9,5,2,28
780,3194,1,4,4,10,1,86
781,10839,2,1,0,3,4,42
782,49,1,1,1,2,7,39
783,4290,1,1,0,2,7,8
784,10219,1,1,0,3,8,40
785,4211,2,2,0,3,7,5
786,1135,5,3,0,4,7,96
787,6299,6,6,8,4,7,28
788,10846,6,7,1,8,7,22
789,347,4,7,1,5,9,30
790,6543,1,3,6,4,2,45
791,10446,1,5,4,7,2,58
792,3479,1,2,0,3,7,49
793,11075,4,3,3,5,4,37
794,4442,2,1,1,5,3,70
795,199,1,4,1,7,7,33
796,6722,3,10,3,7,6,98
797,796,3,11,4,8,8,17
798,3749,1,6,5,12,3,54
799,8523,3,4,0,3,8,39
800,310,4,4,4,9,4,81
801,8629,1,1,0,3,5,71
802,236,3,2,1,4,6,62
803,9930,1,6,8,13,2,8
804,3483,3,2,8,12,8,76
805,4599,6,7,1,7,7,66
806,7326,1,1,1,3,2,83
807,7352,4,3,4,6,3,28
808,2350,7,3,2,8,8,87
809,9145,2,5,9,6,2,43
810,2964,1,1,1,2,6,0
811,5585,2,2,0,3,8,1
812,9687,1,5,4,6,2,1
813,3732,6,5,7,9,4,72
814,6303,0,5,5,12,1,72
815,11176,2,5,4,7,3,12
816,2986,1,1,0,2,6,89
817,7462,3,10,2,4,9,67
818,3900,1,9,2,9,5,54
819,7034,2,2,0,3,8,34
820,9493,1,5,4,8,3,15
821,1143,2,2,0,3,7,43
822,1,1,7,3,7,5,0
823,3855,1,3,2,2,8,74
824,5536,1,5,10,4,6,61
825,5989,1,10,2,11,8,51
826,9499,3,3,4,7,5,97
827,6768,2,1,0,3,8,75
828,2150,1,8,9,4,4,83
829,6646,1,1,0,3,6,23
830,4887,1,2,0,3,5,65
831,8560,1,6,4,7,6,94
832,3321,3,7,3,7,5,42
833,11003,2,2,0,3,7,10
834,10402,2,1,0,3,8,94
835,9904,5,6,5,12,3,50
836,6141,2,6,1,5,7,46
837,5687,1,7,7,12,3,98
838,10856,1,1,0,3,6,42
839,5121,2,7,6,5,5,30
840,4186,3,2,1,3,5,11
841,368,3,3,2,6,5,61
842,3312,4,3,0,4,6,12
843,11121,4,4,0,3,9,76
844,5332,1,3,6,7,1,2
845,5848,1,5,6,7,2,43
846,10343,2,3,6,8,3,27
847,5935,3,7,5,8,5,60
848,2895,2,3,1,5,5,79
849,10262,4,3,1,3,5,96
850,7848,2,5,3,3,6,17
851,9477,3,6,2,9,4,0
852,4856,1,7,7,10,3,38
853,7186,2,1,1,2,5,43
854,5794,3,7,1,7,8,1
855,1456,7,10,2,12,7,25
856,4877,1,1,0,3,7,2
857,425,3,6,2,11,5,66
858,3007,2,1,0,3,8,49
859,1031,1,6,9,10,2,5
860,4297,2,2,0,3,8,71
861,807,6,6,1,4,8,35
862,9553,1,0,0,3,6,94
863,4271,6,4,1,6,7,80
864,4120,2,6,1,4,7,61
865,2036,3,4,2,8,4,29
866,115,3,5,1,8,5,0
867,4259,1,1,0,2,7,80
868,8687,3,2,3,8,3,54
869,2447,2,2,0,3,7,71
870,10140,1,5,7,4,3,27
871,9353,2,5,5,4,3,61
872,3623,3,4,0,3,7,55
873,738,4,3,1,4,7,35
874,7631,1,5,7,10,3,34
875,4789,1,4,8,5,2,95
876,773,7,6,6,4,6,64
877,10602,2,3,0,4,8,30
878,1446,1,6,9,12,1,12
879,3270,4,3,1,3,9,96
880,8443,3,3,1,2,8,16
881,9653,2,2,0,3,8,16
882,8916,1,0,0,3,5,78
883,8017,2,2,0,3,6,83
884,5830,1,5,6,10,2,96
885,4597,1,3,2,13,1,67
886,7023,4,6,1,4,9,87
887,8086,2,2,0,3,7,34
888,8825,8,9,2,5,8,46
889,2930,2,2,6,10,5,7
890,1928,2,2,0,3,9,73
891,7108,6,5,2,5,5,54
892,10925,1,3,10,11,1,93
893,9960,1,1,0,2,7,52
894,8800,2,7,10,5,6,53
895,9224,2,8,10,5,6,81
896,5519,1,6,9,4,5,8
897,5046,2,10,6,7,4,97
898,7037,3,4,2,8,6,50
899,905,4,4,0,3,8,38
900,8624,1,4,3,10,2,61
901,8945,2,4,1,4,6,46
902,6445,1,4,5,6,2,73
903,2727,1,3,3,6,3,19
904,6404,5,4,1,6,5,10
905,11074,1,3,4,10,0,94
906,10150,0,7,4,7,2,10
907,1968,1,1,0,2,7,37
908,6534,1,2,0,3,5,94
909,9485,1,2,1,6,4,23
910,7053,1,3,10,8,1,75
911,4654,1,3,10,5,2,40
912,9760,6,10,5,10,8,24
913,1048,2,3,1,4,7,11
914,10619,1,7,3,7,3,29
915,9308,1,3,4,6,1,51
916,10505,1,3,4,7,2,86
917,8362,1,7,6,6,3,9
918,2625,2,3,2,7,3,30
919,4637,1,6,9,9,3,73
920,9972,1,1,0,3,7,25
921,4483,1,2,10,6,1,67
922,4487,1,2,0,4,6,67
923,4988,3,1,1,4,4,58
924,8931,1,11,4,10,5,82
925,5871,3,6,1,6,8,98
926,2008,1,4,5,9,2,93
927,3139,1,4,4,10,2,53
928,10037,1,5,4,6,2,66
929,10673,1,6,9,5,3,6
930,5303,1,6,4,9,2,42
931,538,1,1,1,4,3,78
932,7922,2,11,2,10,7,29
933,5692,1,1,0,3,8,82
934,4843,1,2,11,5,1,92
935,6383,2,3,0,3,8,78
936,1628,1,9,3,4,4,54
937,1204,3,11,5,11,8,45
938,3673,3,7,5,11,5,59
939,760,2,8,4,9,6,8
940,8957,8,6,3,5,6,51
941,4128,2,7,4,7,5,51
942,6810,1,3,2,6,1,76
943,5386,0,5,8,5,2,62
944,8700,3,2,1,3,7,86
945,3202,1,4,4,10,8,60
946,1328,3,4,4,9,3,56
947,8405,2,4,2,5,3,83
948,6515,1,2,0,3,4,92
949,2882,2,3,2,9,8,31
950,7574,1,2,0,3,4,80
951,6387,3,2,1,3,5,39
952,5320,4,3,1,4,6,20
953,5048,1,3,1,2,8,53
954,8146,1,1,1,2,6,84
955,10031,5,3,0,4,8,50
956,5748,3,5,2,6,5,96
957,2134,4,5,5,8,5,94
958,1523,2,2,0,4,5,25
959,9665,4,5,2,5,6,48
960,4640,2,4,7,13,2,65
961,3635,3,6,3,8,5,69
962,3547,2,2,0,3,6,12
963,2456,5,2,1,5,6,84
964,5633,7,3,1,6,5,47
965,7801,3,5,2,11,4,87
966,10489,1,6,7,9,2,35
967,7011,3,3,0,4,7,47
968,2620,1,1,0,2,8,48
969,3933,6,10,2,6,9,46
970,10981,1,3,4,10,1,27
971,1734,4,3,0,4,7,37
972,10995,3,3,0,4,8,8
973,6357,3,7,1,7,5,29
974,9209,1,4,6,13,2,85
975,10286,1,2,8,13,0,2
976,2611,1,2,4,12,1,66
977,1600,7,6,3,5,7,60
978,3308,3,2,0,4,4,54
979,5407,5,10,6,7,7,70
980,2166,1,0,1,2,4,55
981,3955,0,0,0,0,14,20
982,6634,1,2,0,3,7,78
983,3056,3,11,6,9,6,63
984,5718,1,5,11,6,3,17
985,6872,2,4,2,8,4,43
986,8164,1,5,6,7,2,13
987,4580,1,9,7,9,5,46
988,9305,1,4,9,13,2,65
989,453,2,2,0,3,5,1
990,8545,1,2,4,10,1,6
991,9850,1,0,0,3,7,32
992,7378,5,10,1,6,9,34
993,7646,4,5,3,12,4,70
994,1640,2,1,1,4,3,49
995,5184,1,1,0,2,6,65
996,8492,1,8,4,10,6,25
997,11188,3,2,1,3,5,84
998,1212,3,8,8,6,6,7
999,9097,4,3,1,8,4,34
1000,10473,1,6,4,9,7,38
1001,7962,1,4,3,4,1,1
1002,9984,5,8,5,4,8,25
1003,5527,2,2,0,3,8,25
1004,6374,5,5,2,4,8,50
1005,7453,6,3,8,4,4,46
1006,8952,2,6,5,10,3,96
1007,241,1,4,4,11,1,57
1008,8975,4,3,1,2,8,47
1009,6119,1,1,0,2,6,52
1010,5236,1,10,2,8,5,30
1011,5723,1,1,1,5,2,63
1012,1710,7,6,1,4,9,51
1013,1970,1,3,0,3,8,14
1014,5313,3,2,0,4,5,20
1015,10634,1,4,2,8,3,56
1016,7010,1,6,6,7,3,41
1017,8562,1,2,1,7,2,72
1018,3158,1,1,0,3,8,1
1019,4436,1,2,1,4,7,27
1020,5287,3,3,1,3,7,77
1021,2445,1,2,0,3,8,87
1022,6059,7,11,3,4,7,81
1023,4550,1,1,1,3,5,51
1024,4240,2,2,1,2,8,79
1025,8911,3,5,4,9,4,11
1026,3706,1,2,2,2,7,54
1027,3628,2,2,1,2,9,93
1028,10175,1,1,0,3,4,0
1029,8985,5,10,7,10,6,54
1030,5204,1,8,8,5,3,21
1031,9220,1,8,6,5,3,58
1032,9888,1,4,4,7,2,3
1033,5263,1,1,0,3,8,99
1034,1020,1,5,6,7,2,70
1035,9503,2,5,1,5,8,65
1036,10613,4,3,0,4,4,44
1037,67,3,2,0,4,7,6
1038,6019,1,1,2,2,6,9
1039,5863,4,6,3,8,5,95
1040,3717,2,5,5,6,3,70
1041,6730,3,2,0,3,8,92
1042,10749,15,0,1,0,19,62
1043,4998,1,4,5,4,2,85
1044,6287,1,1,1,2,6,2
1045,5985,3,2,1,4,7,0
1046,4754,1,2,0,4,4,91
1047,4002,1,7,7,12,3,3
1048,8870,6,6,1,5,8,68
1049,966,6,6,2,11,5,98
1050,4767,1,6,6,7,3,41
1051,9725,1,1,0,2,8,16
1052,4475,1,7,8,9,5,82
1053,5740,2,1,2,2,6,1
1054,5731,1,1,0,3,7,64
1055,7290,1,3,5,12,2,68
1056,3846,4,6,1,4,8,98
1057,8104,1,5,1,5,7,32
1058,4507,1,6,7,8,3,87
1059,11013,1,2,8,6,1,84
1060,4491,11,3,4,10,8,3
1061,3759,2,7,6,11,5,34
1062,1162,2,5,2,11,5,23
1063,2055,2,1,1,2,5,37
1064,10766,1,4,4,8,2,22
1065,4415,3,1,1,3,7,19
1066,3005,1,4,10,8,1,7
1067,2223,8,8,9,8,6,52
1068,4817,1,1,0,2,8,91
1069,2875,1,3,7,13,2,93
1070,10536,2,3,0,3,8,78
1071,11112,6,5,6,8,3,23
1072,3807,3,9,2,9,6,83
1073,9197,2,2,0,3,5,92
1074,10832,1,6,1,6,6,4
1075,6421,1,4,7,9,1,32
1076,4207,1,6,7,11,2,27
1077,577,2,1,0,3,7,10
1078,10855,2,4,1,8,5,9
1079,3081,1,1,0,2,7,65
1080,3535,1,4,3,5,2,68
1081,247,6,7,2,4,9,16
1082,8707,1,5,6,4,3,12
1083,9523,1,0,0,3,4,95
1084,6072,1,5,8,6,3,16
1085,6295,4,11,6,5,8,46
1086,10914,2,1,0,3,4,3
1087,1509,0,9,9,4,5,80
1088,5577,1,1,0,2,6,77
1089,7348,1,4,7,5,2,0
1090,1127,1,6,6,7,2,62
1091,1833,2,2,1,4,5,91
1092,4944,1,4,5,7,2,24
1093,9080,3,3,0,3,8,2
1094,6466,3,2,1,4,3,22
1095,9964,1,4,2,8,4,56
1096,4790,1,4,3,5,1,54
1097,10245,1,3,3,8,1,71
1098,1109,1,1,0,2,7,38
1099,6001,2,5,8,10,5,62
1100,5538,0,4,7,6,1,78
1101,10552,2,4,1,7,5,18
1102,1545,6,7,2,5,8,95
1103,7409,2,4,1,6,5,66
1104,4444,1,2,0,3,8,28
1105,146,1,4,5,11,2,78
1106,6271,1,2,0,3,5,13
1107,10065,2,2,0,4,5,27
1108,4741,2,6,2,9,5,17
1109,246,7,4,1,7,4,71
1110,375,1,2,2,11,1,79
1111,1524,1,8,2,5,5,1
1112,10022,1,1,0,2,5,78
1113,7451,0,4,6,9,1,23
1114,11010,3,3,0,3,8,75
1115,4356,3,3,3,5,6,70
1116,3885,1,1,1,2,8,10
1117,1175,1,3,5,3,6,24
1118,880,1,2,1,2,8,47
1119,2320,5,11,1,6,9,98
1120,850,2,6,5,9,3,4
1121,4713,2,2,1,4,7,15
1122,675,5,4,2,5,7,67
1123,5025,1,2,1,4,3,32
1124,2308,2,6,1,5,7,40
1125,5995,7,6,2,5,8,54
1126,6749,4,5,3,6,8,78
1127,1010,2,1,1,3,3,94
1128,8977,1,0,0,3,4,51
1129,4756,1,7,6,11,4,42
1130,3412,4,2,2,9,7,67
1131,606,1,1,0,2,7,87
1132,5961,1,1,0,3,5,29
1133,2975,2,6,7,9,3,89
1134,2894,1,7,5,8,4,74
1135,7613,2,5,1,6,6,97
1136,10542,3,3,0,3,9,63
1137,8015,1,4,6,9,1,88
1138,10617,2,3,0,3,5,34
1139,11166,2,6,2,4,7,81
1140,849,4,6,2,10,4,65
1141,523,1,2,0,4,5,51
1142,4066,2,2,1,2,6,76
1143,8414,2,2,0,4,7,76
1144,819,1,6,5,13,3,84
1145,4961,4,2,1,4,4,56
1146,749,2,3,1,3,6,31
1147,5430,12,9,2,8,8,0
1148,7755,2,9,1,4,8,91
1149,10525,1,1,0,2,9,40
1150,1453,2,9,3,13,6,59
1151,8310,3,10,4,7,6,96
1152,10710,1,1,0,2,8,61
1153,5031,1,5,9,11,2,14
1154,2613,2,1,3,6,1,16
1155,213,4,2,1,3,7,98
1156,967,10,5,2,9,7,11
1157,1077,1,7,3,4,4,52
1158,7959,1,3,2,5,1,19
1159,640,2,7,6,10,5,61
1160,4252,1,4,1,6,5,73
1161,8432,12,9,2,8,8,0
1162,6218,1,8,1,7,7,74
1163,6905,1,6,4,10,2,55
1164,5922,2,4,1,5,7,48
1165,3598,4,4,2,12,4,53
1166,6116,1,1,1,3,3,13
1167,6263,3,2,0,4,8,34
1168,10486,1,4,4,8,2,54
1169,2410,1,3,4,8,1,69
1170,193,1,1,0,2,5,81
1171,3363,1,1,0,3,8,99
1172,8278,1,8,2,5,5,3
1173,10660,3,8,2,4,7,61
1174,8686,2,2,0,3,8,65
1175,1604,3,2,2,6,5,93
1176,5907,1,1,0,2,8,24
1177,10669,2,3,2,10,3,8
1178,2918,3,2,0,4,5,72
1179,5735,1,3,4,10,1,29
1180,359,3,8,2,6,7,33
1181,8387,1,4,1,5,6,68
1182,1829,3,9,5,4,7,55
1183,3839,5,2,2,3,5,76
1184,9392,1,1,0,2,7,17
1185,2292,1,1,0,3,5,94
1186,10466,2,1,0,4,4,86
1187,9855,1,6,6,13,4,25
1188,4088,2,3,1,4,8,22
1189,5231,1,1,0,3,5,15
1190,590,1,5,6,4,3,35
1191,8732,4,7,4,10,4,81
1192,2315,1,1,2,2,4,55
1193,3515,1,4,0,4,5,94
1194,2245,3,2,1,4,6,50
1195,6283,1,9,3,9,6,64
1196,2246,1,2,1,4,4,91
1197,6606,2,5,2,10,8,11
1198,5545,1,3,5,5,1,72
1199,7342,3,6,6,12,5,6
1200,837,4,2,1,5,4,0
1201,9500,3,9,2,8,7,66
1202,3602,2,3,2,4,4,42
1203,234,2,1,1,2,7,60
1204,2995,1,3,4,9,1,64
1205,1118,3,10,4,5,8,87
1206,7789,1,6,9,10,2,96
1207,3068,1,2,0,3,7,1
1208,8955,1,1,1,2,5,54
1209,945,2,3,0,4,7,53
1210,5644,2,5,1,7,7,96
1211,7192,2,2,4,10,1,58
1212,2324,2,7,11,11,4,12
1213,697,1,5,9,6,3,78
1214,3439,5,4,1,5,6,64
1215,1506,4,2,1,4,6,26
1216,232,1,4,2,10,3,8
1217,8876,5,3,1,4,9,49
1218,4500,1,4,9,10,2,56
1219,9739,2,2,2,2,7,55
1220,10395,3,3,1,3,8,25
1221,1176,1,1,0,2,8,50
1222,1627,1,5,7,9,4,84
1223,938,2,2,1,2,8,30
1224,2740,4,2,1,4,5,81
1225,257,2,5,4,9,3,74
1226,4058,1,11,2,8,6,76
1227,7736,2,2,1,2,5,36
1228,8210,5,4,1,8,4,64
1229,833,3,3,0,3,7,62
1230,6230,5,5,0,4,8,53
1231,7325,1,1,0,3,5,86
1232,1307,3,3,0,4,4,15
1233,1502,2,2,0,3,8,67
1234,6211,1,1,0,3,6,47
1235,843,4,8,2,11,6,47
1236,4174,1,2,1,4,3,81
1237,9757,1,5,6,12,2,98
1238,6918,1,1,0,3,8,56
1239,286,4,2,1,5,6,48
1240,11086,1,1,0,3,7,18
1241,1921,2,2,0,3,4,74
1242,4138,1,5,10,7,1,68
1243,7718,1,1,3,5,1,36
1244,1291,4,6,2,4,8,90
1245,6862,15,0,0,0,20,65
1246,4136,4,3,2,2,9,63
1247,803,1,0,1,2,5,82
1248,4298,1,1,0,2,8,63
1249,10833,3,8,3,13,6,55
1250,9606,1,4,2,6,3,64
1251,8534,4,6,5,13,4,51
1252,5153,2,11,10,11,6,97
1253,961,2,7,3,5,4,92
1254,5011,2,8,9,4,6,51
1255,6653,4,7,2,5,7,72
1256,9094,2,7,4,3,6,39
1257,810,2,4,2,11,2,49
1258,5493,1,1,0,2,6,21
1259,2147,1,4,7,11,2,91
1260,5107,2,1,1,2,5,37
1261,3979,1,6,2,8,2,98
1262,6049,1,7,8,11,3,85
1263,8147,3,2,0,3,8,40
1264,1857,2,2,1,2,7,2
1265,3910,0,4,7,6,1,78
1266,5207,10,9,4,6,8,41
1267,11114,3,2,1,3,7,94
1268,5429,1,4,1,4,6,10
1269,9400,1,6,6,6,2,73
1270,1740,2,7,3,4,4,22
1271,7488,3,5,3,13,3,30
1272,195,4,5,1,4,8,21
1273,635,8,9,1,7,8,51
1274,7527,3,2,1,3,8,97
1275,10319,4,3,4,11,8,56
1276,2296,1,1,0,2,6,4
1277,10637,2,3,0,3,7,77
1278,2931,0,6,7,9,3,95
1279,907,5,5,1,7,5,36
1280,3698,1,4,6,8,2,13
1281,9516,2,9,7,10,7,90
1282,679,2,1,0,3,9,49
1283,7384,2,7,1,7,8,18
1284,5043,2,4,2,5,7,89
1285,5267,1,1,0,3,7,43
1286,339,2,9,2,5,7,82
1287,2516,2,1,2,2,4,84
1288,9010,1,5,7,10,2,80
1289,378,2,7,2,10,6,68
1290,4808,1,1,0,2,7,12
1291,5068,1,2,0,2,9,75
1292,7628,2,2,0,4,5,10
1293,7128,1,1,0,2,7,91
1294,2811,2,1,0,4,4,21
1295,3551,2,2,1,5,2,28
1296,1663,1,2,0,2,9,97
1297,5543,5,7,2,11,5,49
1298,1577,1,4,6,4,1,14
1299,10641,4,2,1,3,6,5
1300,5336,0,1,0,1,1,37
1301,6024,0,5,8,5,2,62
1302,1878,1,2,0,3,7,83
1303,3099,5,5,2,4,9,48
1304,6055,1,5,5,8,3,94
1305,5841,5,10,3,8,7,61
1306,3972,6,7,1,5,8,70
1307,4394,1,5,5,12,2,43
1308,5758,1,10,4,13,6,23
1309,6658,7,11,2,12,6,37
1310,4603,2,5,4,10,4,50
1311,8427,1,7,5,10,4,78
1312,10260,3,6,1,5,7,74
1313,7143,5,4,7,10,2,14
1314,8789,3,3,1,7,4,77
1315,6197,3,3,0,3,9,39
1316,4554,4,3,2,8,4,89
1317,4937,1,1,0,3,7,62
1318,1920,2,3,0,3,7,59
1319,8749,1,1,1,2,4,68
1320,1650,1,5,9,12,3,13
1321,10377,3,6,1,5,6,37
1322,9206,2,5,7,12,1,36
1323,10971,4,7,2,3,9,28
1324,6398,2,3,0,3,8,2
1325,9212,6,6,3,13,7,17
1326,7937,1,3,0,3,7,86
1327,839,1,3,1,4,5,54
1328,4246,0,1,0,1,17,2
1329,158,1,8,3,5,4,3
1330,4832,2,2,2,2,7,84
1331,5621,5,6,1,5,9,8
1332,1945,3,7,4,7,4,4
1333,5147,1,4,9,13,1,57
1334,2535,1,6,5,8,9,24
1335,11039,2,5,2,4,5,51
1336,9495,1,2,8,6,1,29
1337,9635,1,3,1,3,6,13
1338,2173,1,1,0,3,6,23
1339,942,3,7,1,3,9,36
1340,9386,1,5,1,6,6,88
1341,5510,3,5,2,6,5,2
1342,873,11,3,4,10,8,3
1343,2253,1,1,0,4,6,15
1344,5181,1,1,0,2,9,58
1345,979,2,2,1,3,6,11
1346,10390,1,1,0,3,6,27
1347,4698,2,5,2,7,5,32
1348,7793,3,10,4,7,6,12
1349,1745,1,4,6,9,1,88
1350,10590,1,4,8,10,2,91
1351,5080,1,6,6,4,2,12
1352,8369,1,0,1,2,8,21
1353,5232,1,4,1,5,4,23
1354,2407,1,6,6,7,4,10
1355,3834,2,8,2,11,5,35
1356,7912,2,3,1,2,8,69
1357,7712,1,6,2,10,4,68
1358,1065,1,5,8,5,2,85
1359,7275,3,2,1,4,6,34
1360,1343,6,8,2,6,7,55
1361,1384,2,2,1,2,8,10
1362,9967,8,6,1,7,8,30
1363,6181,1,8,7,11,6,36
1364,10507,4,2,2,7,8,14
1365,2674,1,6,3,6,3,79
1366,2698,3,6,3,5,6,52
1367,3231,1,1,0,3,8,97
1368,4096,3,4,1,4,7,24
1369,10476,1,3,2,5,2,0
1370,5948,2,4,1,5,5,96
1371,9140,2,2,0,4,6,89
1372,10258,2,1,0,3,8,94
1373,5675,6,4,5,7,6,98
1374,4743,5,8,4,11,6,72
1375,8805,4,7,2,4,8,1
1376,1542,6,4,2,8,5,26
1377,6770,2,2,1,2,6,5
1378,8773,3,5,1,6,7,22
1379,10475,2,4,2,6,5,39
1380,10420,1,4,2,3,7,56
1381,7514,4,3,1,4,6,74
1382,2902,1,1,0,3,5,87
1383,4345,1,1,0,2,7,49
1384,793,1,2,0,3,9,24
1385,10909,0,5,10,5,1,9
1386,3769,1,1,0,3,7,17
1387,8702,2,1,0,3,7,10
1388,4791,1,1,0,3,8,35
1389,2963,1,8,6,6,3,56
1390,8216,6,4,4,3,5,7
1391,8140,3,2,1,4,4,51
1392,10146,1,1,0,3,7,17
1393,5289,2,1,1,2,4,30
1394,2587,2,2,0,3,5,21
1395,4405,2,6,3,12,5,2
1396,8663,1,1,0,2,6,85
1397,2589,2,2,1,3,6,65
1398,3421,1,9,3,9,6,64
1399,10490,2,6,2,4,7,11
1400,4094,4,5,1,5,6,92
1401,9958,1,9,2,9,5,54
1402,2534,2,4,1,3,7,4
1403,4188,3,5,2,4,8,53
1404,6613,6,8,4,8,8,39
1405,10827,4,3,0,4,9,49
1406,5491,4,6,1,5,7,70
1407,8402,2,7,5,8,4,40
1408,8783,3,4,2,9,3,40
1409,10010,4,3,2,2,9,43
1410,618,1,7,2,12,4,17
1411,9121,2,5,3,6,6,40
1412,361,1,1,0,2,7,84
1413,4310,1,5,10,5,1,25
1414,2678,3,5,0,3,9,62
1415,6376,4,4,3,8,4,83
1416,524,1,2,1,2,8,47
1417,10341,1,2,2,5,2,45
1418,5654,2,2,0,3,6,34
1419,4098,3,2,0,4,6,3
1420,5824,1,1,0,2,6,1
1421,7000,1,2,10,10,1,18
1422,2561,4,4,3,12,8,45
1423,5229,1,1,0,3,7,81
1424,4086,1,1,1,2,8,77
1425,2428,3,2,0,4,7,23
1426,8254,1,1,0,2,8,48
1427,2836,1,1,0,2,8,61
1428,8418,2,2,0,3,7,60
1429,1362,1,6,1,6,7,75
1430,7152,1,1,0,3,7,64
1431,10033,1,1,0,3,6,54
1432,9349,1,6,5,11,2,84
1433,274,2,2,0,3,6,75
1434,3388,5,6,1,5,7,16
1435,922,2,1,1,2,8,79
1436,8588,4,5,1,5,6,92
1437,2518,1,0,1,2,7,16
1438,574,1,1,1,4,2,96
1439,3220,2,3,0,4,8,30
1440,5967,3,2,1,3,8,60
1441,1183,1,1,0,2,6,11
1442,6856,3,3,0,3,9,75
1443,4530,3,3,7,10,3,36
1444,1553,1,7,5,10,4,71
1445,4682,1,2,2,8,1,88
1446,8204,1,4,4,9,2,93
1447,5221,4,10,7,5,8,93
1448,1232,1,4,4,8,2,54
1449,1927,4,4,4,5,2,41
1450,5788,3,3,2,4,5,46
1451,6652,1,3,4,9,1,28
1452,6246,1,3,11,8,1,40
1453,5975,1,2,0,3,7,82
1454,6875,2,7,3,5,8,38
1455,4399,1,4,4,7,2,3
1456,4042,3,4,0,4,8,87
1457,2157,4,2,0,4,6,49
1458,10133,0,6,7,12,2,16
1459,2525,2,5,2,9,6,65
1460,8233,4,7,3,7,5,9
1461,9483,7,4,6,8,3,24
1462,2945,1,1,0,3,7,25
1463,10403,3,3,0,3,7,43
1464,5074,1,1,0,3,7,10
1465,10524,4,2,11,5,2,29
1466,4690,4,8,1,8,8,45
1467,7521,1,4,4,11,1,57
1468,7196,1,0,0,3,3,20
1469,4406,4,9,4,8,5,29
1470,9672,3,1,1,3,6,82
1471,4864,4,4,1,3,8,68
1472,4706,1,1,0,3,5,65
1473,4070,1,8,5,4,7,99
1474,25,2,6,6,7,4,9
1475,3697,2,3,0,4,7,20
1476,217,1,7,5,10,4,78
1477,4220,1,2,1,3,3,26
1478,5286,1,3,2,4,3,68
1479,9559,2,7,5,13,5,79
1480,2849,7,10,2,12,7,25
1481,7787,3,5,3,12,5,83
1482,3102,1,1,0,3,8,32
1483,5868,2,1,0,3,7,49
1484,8370,2,7,3,6,4,50
1485,9988,3,6,3,13,4,84
1486,2939,1,4,6,4,2,96
1487,5529,7,8,2,5,7,56
1488,9743,2,11,8,8,6,85
1489,5763,5,6,2,5,6,63
1490,3478,10,7,4,9,5,17
1491,7494,4,6,1,4,8,11
1492,1763,1,7,11,10,4,62
1493,7250,7,7,2,9,6,48
1494,2005,2,2,0,4,6,86
1495,10770,2,4,7,13,2,73
1496,6885,1,2,0,3,7,36
1497,2072,6,4,2,9,9,34
1498,9463,4,9,5,7,5,16
1499,6318,1,9,7,13,4,48
1500,4093,7,4,3,5,5,61
1501,5751,1,1,0,3,6,54
1502,3340,6,7,1,6,8,56
1503,3594,13,8,2,9,8,74
1504,3584,2,5,10,5,8,35
1505,3643,1,4,3,6,2,65
1506,851,9,5,2,10,6,48
1507,7706,6,11,8,5,8,88
1508,3967,1,2,8,13,1,19
1509,10128,5,5,5,12,5,21
1510,486,1,3,4,10,1,27
1511,9,4,3,2,2,8,86
1512,9451,3,10,4,9,7,92
1513,9264,1,4,8,9,2,1
1514,3865,1,3,1,2,8,14
1515,2853,2,4,2,4,5,74
1516,1490,5,10,3,8,8,84
1517,6310,1,2,0,4,5,4
1518,10380,1,3,0,3,8,50
1519,3887,2,2,0,3,9,2
1520,4278,1,10,2,6,3,73
1521,8643,1,4,5,12,3,21
1522,1998,1,2,1,3,6,82
1523,10795,2,2,0,3,7,14
1524,11110,0,0,0,0,14,56
1525,2408,12,7,4,9,7,20
1526,202,0,4,6,7,1,54
1527,7998,3,2,2,2,7,77
1528,830,1,4,6,4,3,5
1529,3536,2,1,1,3,5,65
1530,6050,4,6,3,13,9,33
1531,125,6,5,1,5,7,65
1532,3463,4,7,3,13,5,41
1533,2804,4,3,2,2,8,86
1534,3745,2,3,0,3,8,92
1535,9771,6,5,1,5,9,97
1536,451,1,1,1,2,8,91
1537,10530,1,3,6,6,1,0
1538,1079,3,3,4,9,8,59
1539,8920,3,11,2,12,7,4
1540,6678,2,3,0,4,7,5
1541,3852,4,9,2,12,5,48
1542,528,1,5,4,10,3,99
1543,73,1,0,0,3,5,81
1544,5589,3,9,2,10,7,95
1545,10212,1,3,0,3,8,43
1546,6365,1,2,0,3,6,5
1547,5636,1,4,0,3,8,50
1548,591,2,8,3,7,7,76
1549,2217,1,0,0,3,6,46
1550,2544,1,1,1,4,1,68
1551,7725,1,4,4,7,1,33
1552,8091,1,6,4,6,5,50
1553,7321,1,4,5,4,2,85
1554,5462,5,9,6,12,6,63
1555,7791,2,1,0,3,7,89
1556,955,7,4,2,4,8,81
1557,4037,1,1,0,2,7,77
1558,6642,4,2,1,4,6,50
1559,2793,3,7,3,13,5,10
1560,5424,2,3,0,4,8,30
1561,879,6,7,1,7,7,66
1562,9530,1,1,0,2,8,16
1563,4828,1,5,10,5,1,12
1564,10699,2,3,0,3,8,30
1565,1497,2,6,3,5,5,8
1566,7476,4,5,4,10,4,93
1567,4390,2,5,4,12,2,14
1568,10478,5,11,1,6,9,53
1569,1081,11,6,3,5,4,26
1570,4261,1,7,6,12,3,23
1571,9916,3,2,0,3,8,92
1572,5350,1,3,4,10,1,29
1573,8135,1,1,0,3,7,41
1574,8685,6,7,1,6,8,56
1575,4967,4,5,1,5,8,19
1576,2130,1,3,1,3,6,4
1577,9298,1,4,5,8,1,89
1578,8175,1,2,1,4,7,71
1579,6257,1,7,2,7,7,81
1580,3790,1,1,0,2,6,31
1581,9952,1,4,7,5,1,53
1582,3503,1,5,3,6,1,78
1583,5223,2,2,1,3,4,80
1584,4608,1,3,10,13,1,18
1585,1626,2,1,1,2,5,37
1586,4764,4,3,1,4,7,52
1587,2471,1,3,2,6,2,39
1588,5892,7,3,2,5,7,11
1589,2612,1,7,5,12,3,33
1590,4971,2,3,1,4,8,22
1591,5185,1,4,3,5,2,83
1592,10069,1,2,0,2,9,43
1593,2262,3,6,1,5,7,74
1594,1131,1,2,0,4,3,54
1595,1041,5,7,1,6,8,3
1596,24,5,3,0,4,7,96
1597,3409,3,7,1,4,9,68
1598,7022,1,2,5,13,6,2
1599,7943,1,1,1,3,2,40
1600,5272,4,8,5,3,7,64
1601,5453,1,4,7,12,2,26
1602,2565,1,4,5,10,3,69
1603,800,2,1,0,3,4,57
1604,11092,2,2,0,3,7,78
1605,5062,1,2,0,2,8,71
1606,8969,4,5,5,11,3,59
1607,4656,5,10,5,4,9,28
1608,4480,5,7,2,5,6,61
1609,9971,1,4,4,8,2,22
1610,6729,1,4,5,11,3,95
1611,1773,1,2,0,3,9,38
1612,9242,1,6,3,9,4,19
1613,1764,4,5,1,5,8,92
1614,6215,2,1,1,2,8,24
1615,10099,3,5,3,13,4,21
1616,5423,1,1,0,2,7,35
1617,940,2,3,2,7,3,9
1618,3011,1,4,1,5,4,23
1619,3298,7,9,6,9,8,92
1620,8286,1,3,0,4,7,55
1621,9668,3,2,0,4,8,14
1622,5120,1,5,7,6,3,78
1623,6097,9,8,1,6,9,64
1624,7019,4,3,1,5,4,49
1625,7408,2,5,1,4,7,8
1626,8041,6,3,2,10,9,35
1627,252,1,6,2,8,6,11
1628,9986,3,4,1,2,7,8
1629,3276,1,3,0,3,7,53
1630,3859,1,9,3,13,4,36
1631,3570,3,4,1,5,5,64
1632,3783,2,2,1,4,5,43
1633,10207,1,1,0,2,8,40
1634,10906,2,4,6,4,5,52
1635,3427,6,11,2,7,8,11
1636,5209,2,8,2,7,7,21
1637,10711,1,3,6,12,1,23
1638,10785,2,2,0,3,5,17
1639,2814,1,1,0,3,7,6
1640,6866,1,1,0,3,5,56
1641,1665,5,2,5,6,5,71
1642,6575,8,9,1,7,9,51
1643,3829,1,1,0,3,5,94
1644,3091,1,7,5,8,4,27
1645,10141,1,0,0,3,4,1
1646,5177,2,6,2,6,6,56
1647,7005,1,5,3,12,2,71
1648,6409,1,7,5,7,6,18
1649,7485,3,2,1,4,4,48
1650,8079,3,2,1,3,3,86
1651,8395,1,3,6,12,6,48
1652,10352,3,3,1,2,9,2
1653,4931,0,0,28,0,1,13
1654,13,2,1,0,3,6,57
1655,1834,1,2,0,3,7,77
1656,2285,3,5,2,5,7,0
1657,2295,1,5,3,13,3,57
1658,1378,6,7,4,6,6,24
1659,2781,1,4,6,6,2,55
1660,1165,9,6,2,7,6,62
1661,1404,4,5,1,3,9,89
1662,6457,2,6,4,12,4,77
1663,2639,3,3,1,2,6,45
1664,8299,1,1,1,3,4,46
1665,6437,1,2,0,3,7,80
1666,6912,1,6,3,12,4,60
1667,7327,3,1,1,4,2,71
1668,5299,2,7,3,13,8,43
1669,4127,2,11,10,11,6,97
1670,8143,2,4,2,5,7,49
1671,1964,1,5,6,6,2,66
1672,3690,1,7,4,10,6,20
1673,3433,1,6,8,6,3,54
1674,3389,4,8,9,13,5,61
1675,4712,1,1,1,4,4,18
1676,1170,4,5,1,4,8,45
1677,6347,1,1,0,3,8,26
1678,4065,2,5,1,8,7,0
1679,8230,1,2,0,3,7,28
1680,1215,1,5,10,7,3,49
1681,5939,4,3,1,3,5,84
1682,2156,4,2,0,4,5,38
1683,7788,1,0,0,3,3,53
1684,10323,2,4,2,5,5,88
1685,7947,1,1,0,3,5,99
1686,1891,1,4,6,5,2,12
1687,2570,4,10,4,7,8,35
1688,9256,4,8,3,12,6,5
1689,295,1,3,7,11,1,77
1690,7397,3,7,2,9,7,45
1691,6349,1,8,4,6,5,71
1692,10790,1,1,0,2,8,40
1693,10398,1,1,0,2,7,82
1694,2431,1,2,0,3,8,70
1695,550,2,3,3,13,2,87
1696,1890,1,1,0,2,7,95
1697,10742,0,4,2,5,1,72
1698,10356,1,1,0,3,7,5
1699,4676,2,9,6,8,5,86
1700,8852,5,8,4,11,6,80
1701,3565,3,3,0,3,7,62
1702,5294,3,3,0,4,7,49
1703,1958,6,8,2,9,5,85
1704,7349,4,3,1,3,8,7
1705,8799,3,3,1,4,7,6
1706,1351,4,7,8,13,6,25
1707,1045,2,5,2,4,7,55
1708,7732,1,7,2,10,5,81
1709,8070,1,3,3,5,3,98
1710,477,1,4,7,10,1,31
1711,7832,1,8,7,7,4,30
1712,2202,1,1,0,4,5,98
1713,7396,1,5,8,12,3,92
1714,4055,2,3,0,3,6,41
1715,10340,6,6,1,5,8,68
1716,10091,2,6,3,6,5,78
1717,7629,2,2,0,3,7,46
1718,10640,5,4,1,4,7,71
1719,3498,4,7,5,9,6,6
1720,6742,1,1,0,2,8,82
1721,1172,1,7,5,12,3,71
1722,569,1,5,6,7,2,32
1723,4686,0,6,5,13,2,28
1724,1381,5,6,1,5,8,20
1725,2634,3,2,1,3,6,10
1726,10905,5,4,1,6,8,7
1727,1744,1,1,1,2,6,67
1728,1000,4,9,2,12,5,48
1729,3828,2,7,6,13,4,61
1730,8605,2,2,0,3,6,36
1731,10304,1,1,1,2,8,77
1732,4351,1,1,1,2,7,90
1733,10129,1,3,5,12,1,35
1734,2499,1,5,2,10,4,38
1735,10092,4,7,10,5,5,46
1736,7500,2,8,1,8,6,33
1737,5796,1,4,5,13,1,70
1738,10556,4,6,1,6,7,51
1739,1064,1,1,0,3,8,18
1740,48,2,4,1,3,6,97
1741,7610,5,6,3,5,8,32
1742,263,1,3,1,3,8,9
1743,10814,1,6,5,13,4,6
1744,9710,2,11,3,7,8,80
1745,9292,1,4,11,7,2,74
1746,10250,1,1,0,2,7,49
1747,7881,1,6,4,13,2,21
1748,5847,3,7,3,10,5,95
1749,737,2,4,4,5,2,56
1750,3571,3,8,3,5,6,48
1751,7807,5,5,1,5,6,26
1752,3878,1,1,0,3,7,3
1753,5092,4,7,1,7,8,39
1754,2154,3,2,0,3,7,33
1755,5394,4,1,1,4,3,42
1756,3798,3,2,1,3,6,80
1757,3524,2,5,1,2,9,9
1758,5247,2,1,0,4,4,52
1759,5883,3,7,4,7,5,78
1760,2118,3,7,2,8,4,68
1761,8812,2,2,0,3,7,45
1762,6616,2,3,3,8,2,47
1763,2797,1,9,7,9,5,34
1764,4328,2,2,1,3,6,81
1765,9167,3,9,2,12,6,72
1766,10560,1,1,0,3,5,23
1767,2631,1,2,8,6,1,29
1768,8312,1,2,0,3,6,80
1769,5534,2,3,2,3,7,30
1770,5093,3,3,0,3,9,15
1771,7592,1,4,1,4,6,86
1772,8895,1,3,5,12,2,68
1773,8584,1,2,7,7,0,54
1774,2694,1,1,0,3,6,44
1775,8910,5,4,1,6,8,7
1776,7433,4,3,1,4,8,87
1777,164,2,5,1,5,8,59
1778,10477,1,3,1,2,7,16
1779,2681,1,2,3,13,1,1
1780,5150,2,2,0,3,6,64
1781,5283,3,2,1,4,5,72
1782,9645,1,9,4,10,6,98
1783,10678,2,11,2,10,7,91
1784,7261,5,5,2,5,8,8
1785,9648,4,5,1,4,8,20
1786,2870,5,6,3,6,6,6
1787,8008,1,2,0,4,6,54
1788,1513,13,2,2,12,8,72
1789,6173,1,6,6,11,3,46
1790,1419,3,2,1,3,5,11
1791,9150,2,1,0,4,4,21
1792,7960,1,3,9,13,1,89
1793,1250,1,2,1,3,6,82
1794,9905,5,3,3,3,6,69
1795,10691,1,1,1,2,6,55
1796,7002,1,3,2,8,3,13
1797,2952,2,3,0,3,6,80
1798,8439,2,6,3,4,4,97
1799,762,1,7,5,8,4,27
1800,2831,2,7,7,10,3,99
1801,6977,1,10,5,13,6,87
1802,6289,2,3,1,4,5,85
1803,4168,9,5,1,8,7,30
1804,8397,2,1,1,2,7,82
1805,9284,5,5,5,12,5,21
1806,6237,0,23,1,1,0,92
1807,3130,4,2,0,4,5,95
1808,1619,1,4,6,6,1,2
1809,1990,1,3,5,8,3,74
1810,5513,2,1,0,3,8,49
1811,269,6,4,4,7,9,71
1812,8093,1,4,3,6,1,72
1813,10513,1,2,3,6,7,68
1814,10177,3,5,4,8,2,4
1815,2549,1,1,0,3,9,80
1816,5782,2,9,2,9,5,15
1817,10057,1,5,7,9,7,70
1818,10307,3,6,2,8,5,91
1819,8566,1,1,0,2,7,10
1820,2415,3,5,3,5,4,99
1821,5684,2,2,0,3,7,25
1822,8334,3,2,1,4,6,34
1823,9166,3,4,4,12,2,57
1824,1440,2,9,5,9,7,84
1825,78,1,1,1,2,8,51
1826,5441,2,5,2,6,5,97
1827,5302,1,4,6,5,2,13
1828,4687,1,3,11,9,1,92
1829,1087,3,4,1,2,9,30
1830,6859,2,4,0,3,9,30
1831,9860,3,4,1,4,7,11
1832,7129,8,6,4,13,6,72
1833,5866,3,4,1,4,7,39
1834,10521,4,2,1,5,4,0
1835,7393,3,2,1,3,5,15
1836,7849,1,2,9,13,1,12
1837,332,3,4,1,6,6,56
1838,9847,2,7,4,3,6,39
1839,531,11,8,5,9,6,55
1840,9576,3,4,0,4,9,60
1841,6906,1,3,10,4,2,73
1842,7419,2,2,0,3,6,90
1843,3170,1,4,4,6,2,86
1844,8527,5,6,2,6,7,37
1845,7872,1,6,10,6,5,7
1846,9931,15,0,0,0,19,29
1847,10595,1,2,0,3,7,19
1848,4609,3,8,1,6,6,14
1849,5010,2,1,0,3,8,72
1850,4427,1,5,10,12,6,56
1851,11148,1,1,0,2,8,85
1852,1168,1,4,6,10,2,62
1853,9595,1,4,5,4,3,1
1854,10163,1,8,4,7,4,28
1855,2886,4,10,8,10,6,70
1856,6710,1,2,0,4,6,84
1857,5316,1,2,0,4,7,89
1858,9029,1,2,8,12,1,73
1859,521,2,8,1,7,7,42
1860,1459,1,5,3,5,3,16
1861,10241,1,1,0,2,6,16
1862,1630,1,4,2,8,4,56
1863,3254,1,5,4,4,2,65
1864,9064,1,6,6,7,4,10
1865,3678,11,8,3,7,7,13
1866,4227,3,2,1,3,5,78
1867,9467,1,1,0,3,6,51
1868,8486,4,9,0,4,10,27
1869,2186,1,5,10,6,2,30
1870,3286,2,2,0,3,6,71
1871,8602,2,7,6,11,4,97
1872,3722,2,2,0,3,6,83
1873,6715,6,6,2,11,6,3
1874,4796,1,1,0,3,2,71
1875,9612,1,1,0,3,7,3
1876,3766,3,9,1,8,9,15
1877,1399,1,3,7,9,1,52
1878,1570,2,7,7,10,4,8
1879,3426,3,5,5,13,8,89
1880,3074,1,5,8,4,6,66
1881,8341,2,1,1,2,7,22
1882,5180,2,4,0,4,7,56
1883,6461,1,5,6,11,2,74
1884,7679,1,1,1,3,3,48
1885,10702,2,7,1,7,7,67
1886,7505,1,1,1,2,4,24
1887,5113,1,5,5,5,2,67
1888,10858,4,9,5,7,5,38
1889,2961,2,6,3,4,6,86
1890,2747,1,4,10,5,3,90
1891,3010,1,4,7,8,1,87
1892,5790,2,2,0,3,8,62
1893,6892,8,10,4,6,8,23
1894,1743,1,2,3,5,1,99
1895,3578,2,3,1,6,6,29
1896,8462,1,1,1,2,6,52
1897,5558,1,4,6,4,1,90
1898,4619,0,27,0,0,1,9
1899,8780,2,3,5,8,3,71
1900,10789,2,2,0,3,7,13
1901,10779,1,1,0,3,7,16
1902,5896,1,4,4,6,2,94
1903,2337,3,3,0,3,6,77
1904,10951,2,3,1,8,4,20
1905,544,1,3,4,6,1,51
1906,17,4,6,11,7,5,81
1907,10680,1,3,0,3,7,71
1908,3265,1,1,0,3,6,36
1909,5623,1,1,1,2,7,95
1910,5832,0,3,5,13,0,32
1911,5544,2,7,8,5,5,32
1912,6417,1,4,6,13,2,85
1913,5831,3,5,5,5,8,93
1914,7101,6,10,5,10,8,24
1915,10176,7,4,4,8,8,44
1916,2326,1,1,0,4,6,15
1917,4385,2,3,0,3,6,82
1918,2929,1,2,1,4,7,27
1919,10686,1,1,0,2,7,72
1920,2546,1,1,0,4,3,7
1921,3283,2,6,2,12,3,57
1922,3138,0,7,9,6,4,84
1923,4994,1,7,5,13,3,53
1924,7966,3,11,5,11,5,48
1925,3112,1,1,0,3,5,2
1926,10872,3,4,2,11,8,65
1927,2181,1,3,3,7,2,45
1928,1867,1,9,3,6,5,42
1929,1518,5,9,3,7,7,29
1930,5734,1,2,0,4,5,83
1931,2878,2,4,2,7,3,93
1932,1458,3,3,0,3,6,40
1933,7007,2,3,1,2,7,47
1934,6200,2,6,6,9,3,50
1935,1403,2,1,0,3,7,40
1936,4827,5,4,2,9,4,3
1937,6250,3,11,2,8,8,62
1938,9291,1,0,0,3,5,25
1939,2478,1,1,0,4,4,48
1940,1139,1,5,11,5,2,56
1941,5138,1,1,0,3,8,68
1942,5393,1,1,0,3,7,64
1943,10413,1,4,6,12,1,67
1944,5015,2,2,2,3,7,94
1945,10868,2,3,4,10,3,82
1946,10676,2,3,8,7,2,3
1947,2495,1,4,7,10,1,24
1948,7842,3,3,0,3,8,54
1949,9955,2,3,0,4,7,20
1950,6663,1,3,1,4,5,96
1951,2162,2,3,3,10,3,19
1952,3434,1,4,4,10,1,60
1953,7919,1,10,4,8,8,2
1954,5626,1,4,2,9,4,13
1955,6428,1,1,8,7,0,37
1956,8514,1,1,0,3,6,59
1957,10448,5,5,3,5,7,55
1958,2109,1,6,11,10,2,60
1959,7530,3,2,1,4,4,48
1960,8925,3,8,5,10,5,38
1961,3009,1,5,3,6,6,8
1962,6355,3,2,0,4,3,19
1963,3517,3,3,1,3,9,32
1964,1158,1,3,0,4,7,27
1965,6203,1,6,7,12,3,58
1966,7165,2,8,2,10,5,59
1967,3595,2,6,8,12,3,29
1968,8537,1,3,10,7,2,60
1969,4331,1,3,6,11,1,41
1970,6281,2,6,3,5,4,27
1971,4338,1,1,0,3,4,28
1972,2452,5,5,2,5,8,8
1973,9507,2,6,3,5,7,18
1974,8360,3,3,1,5,3,76
1975,10311,0,25,0,0,1,0
1976,5117,2,4,4,8,5,32
1977,4867,4,3,0,4,7,2
1978,9289,1,2,1,2,8,16
1979,10913,1,1,0,2,8,56
1980,3032,3,4,0,4,9,97
1981,8524,3,3,0,3,9,15
1982,3334,0,5,7,9,1,35
1983,4470,1,2,1,4,4,3
1984,1406,8,6,3,5,7,49
1985,8619,1,0,0,3,5,4
1986,10821,6,4,1,5,7,45
1987,4552,1,3,5,3,4,37
1988,898,3,3,0,4,8,39
1989,9797,2,3,3,8,2,38
1990,10949,1,5,5,8,3,8
1991,8212,2,3,1,4,7,89
1992,6248,0,9,7,11,3,47
1993,10164,1,5,5,5,5,75
1994,4547,2,1,0,3,8,86
1995,6815,0,7,6,8,2,4
1996,4122,1,6,5,4,4,73
1997,10841,3,4,3,8,4,46
1998,5370,4,7,1,6,8,38
1999,176,1,4,1,6,3,73
2000,4860,1,1,0,3,6,66
2001,10757,1,1,0,2,6,36
2002,4023,3,3,2,2,8,29
2003,6679,1,0,0,3,3,29
2004,9923,3,2,0,4,7,6
2005,7181,2,2,0,3,8,97
2006,3599,3,8,4,8,5,61
2007,405,4,5,5,3,8,68
2008,6870,1,3,1,7,2,73
2009,832,3,8,2,10,5,90
2010,2002,1,5,6,5,3,81
2011,3657,3,4,0,4,8,1
2012,500,1,7,7,9,2,79
2013,1951,6,11,2,8,9,92
2014,3262,1,2,9,13,5,31
2015,4102,1,0,0,3,6,46
2016,7042,1,2,1,2,9,14
2017,10598,3,2,0,3,8,89
2018,255,2,1,0,3,6,31
2019,2375,1,0,0,3,8,75
2020,9829,3,2,0,4,6,42
2021,6214,1,2,0,3,6,53
2022,4954,6,4,2,5,6,53
2023,7861,2,8,3,6,4,23
2024,4837,2,8,5,13,4,57
2025,9423,2,2,0,4,5,49
2026,4198,1,0,0,3,6,6
2027,153,1,1,0,3,4,29
2028,9323,4,10,5,7,8,5
2029,10001,4,2,1,3,9,98
2030,3945,2,11,8,4,6,80
2031,3799,3,7,2,11,5,4
2032,8625,3,3,0,3,8,70
2033,3491,4,11,6,8,7,32
2034,983,1,6,2,3,8,82
2035,9119,2,3,3,7,2,27
2036,4786,4,10,3,12,6,94
2037,5872,4,4,4,10,3,23
2038,6568,1,2,0,3,7,97
2039,5628,1,10,3,10,6,25
2040,5631,1,5,4,8,4,92
2041,4974,10,4,6,9,7,98
2042,8416,2,2,0,3,6,19
2043,5454,1,2,0,3,5,80
2044,4095,8,4,3,6,7,80
2045,5474,3,4,1,4,6,79
2046,4268,1,3,1,4,4,50
2047,10701,1,7,8,12,4,60
2048,3507,2,2,5,5,6,44
2049,2079,1,5,6,10,1,0
2050,626,1,1,0,3,4,28
2051,4426,6,7,2,6,7,35
2052,2591,2,6,3,4,2,49
2053,10509,2,3,0,3,8,46
2054,6382,1,1,0,3,4,97
2055,6673,1,3,0,3,8,51
2056,7441,3,2,10,12,7,80
2057,1071,3,7,3,13,5,10
2058,10061,2,9,2,12,7,29
2059,7187,7,4,10,4,3,52
2060,8775,3,3,1,3,7,74
2061,1612,2,3,0,3,6,82
2062,2345,1,4,4,8,2,54
2063,322,2,2,0,3,4,93
2064,10897,5,9,6,12,6,63
2065,123,2,4,5,4,2,92
2066,6103,1,2,1,3,4,40
2067,7899,2,4,7,4,7,70
2068,10500,2,3,0,4,5,96
2069,1655,1,1,0,3,7,81
2070,2406,3,6,2,8,5,63
2071,2712,1,6,3,10,3,85
2072,5517,1,1,1,2,8,51
2073,10643,2,5,2,11,5,23
2074,2254,1,9,6,5,5,95
2075,10281,2,5,5,7,4,11
2076,6958,1,1,1,2,6,42
2077,954,1,2,1,3,5,77
2078,5079,4,2,1,3,8,82
2079,10339,2,4,1,4,6,83
2080,4643,2,3,0,4,8,40
2081,3117,3,6,1,5,7,95
2082,6497,4,6,2,5,8,32
2083,5396,1,9,7,13,4,48
2084,5250,1,5,5,11,1,75
2085,1052,3,8,9,7,7,24
2086,2802,1,4,6,7,2,61
2087,6343,1,6,9,7,2,6
2088,6507,2,1,1,4,3,16
2089,7901,1,0,0,3,4,39
2090,4865,7,5,1,8,7,2
2091,2686,1,1,0,2,7,49
2092,3107,1,4,1,7,2,31
2093,7734,1,4,10,7,1,58
2094,1146,4,10,5,7,8,5
2095,11031,1,1,0,3,5,90
2096,7428,1,3,7,8,1,47
2097,975,5,4,1,5,6,25
2098,1103,2,4,4,10,6,60
2099,3422,1,2,3,4,6,67
2100,1055,1,1,0,3,4,40
2101,6544,3,6,7,11,3,63
2102,1241,2,1,0,3,9,1
2103,2909,2,8,4,6,3,89
2104,5802,1,2,0,4,6,40
2105,1407,2,2,0,3,7,5
2106,6183,1,2,1,4,4,3
2107,340,2,7,2,8,5,1
2108,5991,3,5,1,4,7,24
2109,3104,1,5,3,12,2,89
2110,9729,6,8,2,7,7,48
2111,1008,1,7,3,13,6,31
2112,11091,2,1,0,3,4,68
2113,3969,1,2,2,2,5,46
2114,1916,5,7,1,6,7,92
2115,9907,2,6,8,10,4,80
2116,87,2,2,0,3,7,16
2117,8659,2,6,8,11,2,50
2118,6262,1,3,10,8,2,93
2119,6147,1,0,1,2,7,51
2120,8832,2,3,0,4,7,24
2121,10067,1,1,0,2,7,79
2122,7532,3,3,0,4,8,26
2123,4915,4,5,2,12,5,86
2124,2115,2,1,0,4,5,68
2125,2088,1,5,6,12,2,98
2126,2493,2,7,1,8,5,34
2127,6292,1,4,3,10,2,60
2128,1631,4,8,4,7,6,3
2129,10104,1,1,0,2,7,65
2130,3006,1,1,0,3,7,83
2131,3919,1,5,6,8,3,64
2132,11181,0,0,0,0,0,85
2133,642,3,2,1,2,8,69
2134,4369,3,3,5,6,2,48
2135,10127,1,8,2,4,7,21
2136,271,5,3,4,3,6,30
2137,4973,1,1,1,2,7,39
2138,2948,1,2,2,5,2,76
2139,2715,4,3,2,2,9,11
2140,10432,1,1,0,3,8,26
2141,9216,2,2,0,3,6,34
2142,7124,5,2,1,4,5,72
2143,9727,1,2,0,4,6,13
2144,5136,7,9,4,8,6,58
2145,9790,1,11,3,4,4,12
2146,1818,1,2,0,2,9,23
2147,1100,4,3,1,3,5,33
2148,7873,4,4,1,7,5,30
2149,10609,2,1,1,4,4,15
2150,6950,2,2,0,3,7,25
2151,7233,2,5,3,6,4,4
2152,9481,4,3,1,3,8,80
2153,7699,5,3,4,3,6,30
2154,2711,1,1,0,3,7,6
2155,8933,2,2,0,4,6,16
2156,8726,5,3,1,4,6,57
2157,1515,1,1,0,3,3,9
2158,5186,2,7,4,9,6,59
2159,10157,1,4,1,6,4,78
2160,5667,3,9,10,4,6,90
2161,902,1,6,2,4,6,74
2162,977,6,5,1,8,6,10
2163,7313,1,6,5,11,3,63
2164,7600,2,1,0,3,7,13
2165,9706,2,2,1,3,8,98
2166,2429,3,5,4,8,2,4
2167,3520,0,4,3,7,3,94
2168,10394,1,4,8,5,1,91
2169,4548,1,1,0,3,4,66
2170,9362,1,9,1,7,6,14
2171,3968,1,11,3,12,7,77
2172,4084,2,6,4,11,4,41
2173,6721,3,6,3,5,3,21
2174,2829,2,9,3,8,6,25
2175,1772,1,5,6,7,2,2
2176,1544,1,4,2,10,2,51
2177,492,5,7,1,6,8,3
2178,4377,2,7,3,3,7,32
2179,4541,2,3,1,6,5,84
2180,1321,3,3,0,3,8,49
2181,8858,4,8,2,7,8,69
2182,3266,1,1,1,4,2,96
2183,11187,3,2,1,3,5,23
2184,8207,1,1,0,3,4,18
2185,9723,4,7,4,13,5,8
2186,2666,1,8,3,11,3,21
2187,5721,1,7,10,6,2,60
2188,10652,3,3,5,6,2,48
2189,1646,2,1,1,3,3,36
2190,4418,1,7,5,12,2,36
2191,2656,1,1,1,2,7,63
2192,7990,1,0,0,3,6,2
2193,8722,1,7,7,10,3,38
2194,7118,2,9,5,6,6,61
2195,2980,4,3,0,3,8,52
2196,1839,1,3,0,4,7,25
2197,10722,2,6,6,3,6,63
2198,2632,7,5,4,4,6,10
2199,9014,4,3,0,3,8,65
2200,7620,2,2,2,2,8,71
2201,10968,4,8,8,6,6,0
2202,11133,5,7,1,6,8,3
2203,2736,2,5,5,11,2,88
2204,1876,1,1,0,4,6,15
2205,5959,6,3,1,5,8,80
2206,1092,4,9,3,4,7,17
2207,4333,4,2,1,3,7,76
2208,3850,1,1,0,3,6,52
2209,6168,2,1,1,2,4,28
2210,607,6,8,1,7,8,31
2211,10469,1,6,2,9,2,42
2212,6983,2,2,0,3,7,24
2213,3661,1,4,6,8,2,42
2214,9303,0,1,0,0,13,12
2215,692,1,1,0,2,6,88
2216,736,2,2,0,3,8,67
2217,9589,0,4,6,7,1,54
2218,4838,1,1,0,2,8,40
2219,9246,4,6,1,6,7,73
2220,6261,3,3,2,10,4,81
2221,7366,1,3,6,11,1,12
2222,10659,4,3,2,2,7,7
2223,1448,3,2,0,4,4,33
2224,4286,3,7,6,6,4,24
2225,4749,6,8,2,6,7,55
2226,4478,8,11,1,6,8,87
2227,4201,5,4,2,8,5,39
2228,8720,0,0,0,1,0,53
2229,10084,2,2,1,2,7,9
2230,7004,3,3,1,2,9,82
2231,9817,2,9,4,12,8,71
2232,8080,1,0,0,3,4,50
2233,9432,4,3,1,3,6,23
2234,8372,1,1,0,2,7,81
2235,10870,2,9,3,4,5,46
2236,4001,7,8,2,5,7,56
2237,7270,1,2,3,13,6,91
2238,8235,2,6,5,10,3,8
2239,9405,3,3,1,4,7,40
